-- phpMyAdmin SQL Dump
-- version 5.0.1
-- https://www.phpmyadmin.net/
--
-- Host: 127.0.0.1
-- Generation Time: Mar 29, 2026 at 05:15 PM
-- Server version: 10.4.11-MariaDB
-- PHP Version: 7.4.3

SET SQL_MODE = "NO_AUTO_VALUE_ON_ZERO";
SET AUTOCOMMIT = 0;
START TRANSACTION;
SET time_zone = "+00:00";


/*!40101 SET @OLD_CHARACTER_SET_CLIENT=@@CHARACTER_SET_CLIENT */;
/*!40101 SET @OLD_CHARACTER_SET_RESULTS=@@CHARACTER_SET_RESULTS */;
/*!40101 SET @OLD_COLLATION_CONNECTION=@@COLLATION_CONNECTION */;
/*!40101 SET NAMES utf8mb4 */;

--
-- Database: `singlewindowsyst_watersupply`
--

-- --------------------------------------------------------

--
-- Table structure for table `accept_reject`
--

CREATE TABLE `accept_reject` (
  `id` int(11) NOT NULL,
  `rec_id` int(11) NOT NULL,
  `action` varchar(255) NOT NULL,
  `remark` text NOT NULL,
  `db_name` varchar(255) NOT NULL DEFAULT 'cc',
  `user_id` int(11) NOT NULL,
  `timestamp` timestamp NOT NULL DEFAULT current_timestamp()
) ENGINE=InnoDB DEFAULT CHARSET=utf8mb4;

-- --------------------------------------------------------

--
-- Table structure for table `application_form`
--

CREATE TABLE `application_form` (
  `id` int(11) NOT NULL,
  `division` varchar(255) NOT NULL,
  `ward` varchar(255) NOT NULL,
  `landowner_or_applicant_name` varchar(255) NOT NULL,
  `licensed_architect_or_engineers_name` varchar(255) NOT NULL,
  `property_address` text NOT NULL,
  `landmark` text NOT NULL,
  `survey_no` varchar(255) NOT NULL,
  `house_no` varchar(255) NOT NULL,
  `cts_no` varchar(255) NOT NULL,
  `village_name` varchar(255) NOT NULL,
  `taluka_name` varchar(255) NOT NULL,
  `details_of_existing_water_connections` varchar(255) NOT NULL,
  `upload_detailed_location_plan` text NOT NULL,
  `upload_complete_building_layout_plan` text NOT NULL,
  `upload_table_showing_residential_and_commercial_tenements_shops` text NOT NULL,
  `upload_water_requirement_for_the_entire_project` text NOT NULL,
  `upload_location_plan_showing_existing_open_well` text NOT NULL,
  `upload_locations_and_details_of_under_ground_etc` text NOT NULL,
  `upload_building_plan` text NOT NULL,
  `upload_plumbing_system_details` text NOT NULL,
  `bldg_no` varchar(255) NOT NULL,
  `proposed_quantity_of_residences` varchar(255) NOT NULL,
  `proposed_quantity_of_shops` varchar(255) NOT NULL,
  `proposed_quantity_of_offices` varchar(255) NOT NULL,
  `total` varchar(255) NOT NULL,
  `qty_of_water_reqd` varchar(255) NOT NULL,
  `length_of_ug_tank_proposed` varchar(255) NOT NULL,
  `width_of_ug_tank_proposed` varchar(255) NOT NULL,
  `depth_of_ug_tank_proposed` varchar(255) NOT NULL,
  `size_and_capcity_of_ug_tank_proposed` varchar(255) NOT NULL,
  `length_of_oh_tank_proposed` varchar(255) NOT NULL,
  `width_of_oh_tank_proposed` varchar(255) NOT NULL,
  `height_of_oh_tank_proposed` varchar(255) NOT NULL,
  `size_and_capcity_of_oh_tank_proposed` varchar(255) NOT NULL,
  `are_size_and_capcity_of_oh_and_ug_tank_proposed_sufficient` varchar(255) NOT NULL,
  `distance_of_ug_tank_from_supply_line` varchar(255) NOT NULL,
  `status` int(11) NOT NULL,
  `application_no` varchar(255) NOT NULL,
  `timestamp` timestamp NOT NULL DEFAULT current_timestamp(),
  `date` timestamp NOT NULL DEFAULT current_timestamp() ON UPDATE current_timestamp(),
  `user_id` int(11) NOT NULL,
  `paid` varchar(255) NOT NULL,
  `certificate` varchar(255) NOT NULL,
  `are_all_connections_disconnected_on_site_from_main_line` varchar(255) NOT NULL,
  `is_sewage_treatment_plant_proposed_for_the_proposal` varchar(255) NOT NULL,
  `mobile_no` varchar(255) NOT NULL,
  `upload_water_tank_plan` varchar(255) NOT NULL,
  `upload_property_google_location_with_coordinates` varchar(255) NOT NULL,
  `upload_full_potential_plan` varchar(255) NOT NULL
) ENGINE=InnoDB DEFAULT CHARSET=utf8mb4;

-- --------------------------------------------------------

--
-- Table structure for table `application_form_oc`
--

CREATE TABLE `application_form_oc` (
  `id` int(11) NOT NULL,
  `division` varchar(255) NOT NULL,
  `ward` varchar(255) NOT NULL,
  `landowner_or_applicant_name` varchar(255) NOT NULL,
  `licensed_architect_or_engineers_name` varchar(255) NOT NULL,
  `property_address` text NOT NULL,
  `landmark` text NOT NULL,
  `survey_no` varchar(255) NOT NULL,
  `house_no` varchar(255) NOT NULL,
  `cts_no` varchar(255) NOT NULL,
  `village_name` varchar(255) NOT NULL,
  `taluka_name` varchar(255) NOT NULL,
  `details_of_existing_water_connections` varchar(255) NOT NULL,
  `upload_detailed_location_plan` text NOT NULL,
  `upload_complete_building_layout_plan` text NOT NULL,
  `upload_table_showing_residential_and_commercial_tenements_shops` text NOT NULL,
  `upload_water_requirement_for_the_entire_project` text NOT NULL,
  `upload_location_plan_showing_existing_open_well` text NOT NULL,
  `upload_locations_and_details_of_under_ground_etc` text NOT NULL,
  `upload_building_plan` text NOT NULL,
  `upload_plumbing_system_details` text NOT NULL,
  `bldg_no` varchar(255) NOT NULL,
  `proposed_quantity_of_residences` varchar(255) NOT NULL,
  `proposed_quantity_of_shops` varchar(255) NOT NULL,
  `proposed_quantity_of_offices` varchar(255) NOT NULL,
  `total` varchar(255) NOT NULL,
  `qty_of_water_reqd` varchar(255) NOT NULL,
  `length_of_ug_tank_proposed` varchar(255) NOT NULL,
  `width_of_ug_tank_proposed` varchar(255) NOT NULL,
  `depth_of_ug_tank_proposed` varchar(255) NOT NULL,
  `size_and_capcity_of_ug_tank_proposed` varchar(255) NOT NULL,
  `length_of_oh_tank_proposed` varchar(255) NOT NULL,
  `width_of_oh_tank_proposed` varchar(255) NOT NULL,
  `height_of_oh_tank_proposed` varchar(255) NOT NULL,
  `size_and_capcity_of_oh_tank_proposed` varchar(255) NOT NULL,
  `are_size_and_capcity_of_oh_and_ug_tank_proposed_sufficient` varchar(255) NOT NULL,
  `distance_of_ug_tank_from_supply_line` varchar(255) NOT NULL,
  `status` int(11) NOT NULL,
  `application_no` varchar(255) NOT NULL,
  `timestamp` timestamp NOT NULL DEFAULT current_timestamp(),
  `date` timestamp NOT NULL DEFAULT current_timestamp() ON UPDATE current_timestamp(),
  `user_id` int(11) NOT NULL,
  `paid` varchar(255) NOT NULL,
  `certificate` varchar(255) NOT NULL,
  `are_all_connections_disconnected_on_site_from_main_line` varchar(255) NOT NULL,
  `is_sewage_treatment_plant_proposed_for_the_proposal` varchar(255) NOT NULL,
  `upload_declaration_certificate` text NOT NULL,
  `cc_number` varchar(255) NOT NULL,
  `upload_cc_certificate` varchar(255) NOT NULL,
  `mobile_no` varchar(255) NOT NULL,
  `upload_water_tank_plan` varchar(255) NOT NULL,
  `upload_property_google_location_with_coordinates` varchar(255) NOT NULL
) ENGINE=InnoDB DEFAULT CHARSET=utf8mb4;

-- --------------------------------------------------------

--
-- Table structure for table `application_form_oc_deleted`
--

CREATE TABLE `application_form_oc_deleted` (
  `id` int(11) NOT NULL,
  `division` varchar(255) NOT NULL,
  `ward` varchar(255) NOT NULL,
  `landowner_or_applicant_name` varchar(255) NOT NULL,
  `licensed_architect_or_engineers_name` varchar(255) NOT NULL,
  `property_address` text NOT NULL,
  `landmark` text NOT NULL,
  `survey_no` varchar(255) NOT NULL,
  `house_no` varchar(255) NOT NULL,
  `cts_no` varchar(255) NOT NULL,
  `village_name` varchar(255) NOT NULL,
  `taluka_name` varchar(255) NOT NULL,
  `details_of_existing_water_connections` varchar(255) NOT NULL,
  `upload_detailed_location_plan` text NOT NULL,
  `upload_complete_building_layout_plan` text NOT NULL,
  `upload_table_showing_residential_and_commercial_tenements_shops` text NOT NULL,
  `upload_water_requirement_for_the_entire_project` text NOT NULL,
  `upload_location_plan_showing_existing_open_well` text NOT NULL,
  `upload_locations_and_details_of_under_ground_etc` text NOT NULL,
  `upload_building_plan` text NOT NULL,
  `upload_plumbing_system_details` text NOT NULL,
  `bldg_no` varchar(255) NOT NULL,
  `proposed_quantity_of_residences` varchar(255) NOT NULL,
  `proposed_quantity_of_shops` varchar(255) NOT NULL,
  `proposed_quantity_of_offices` varchar(255) NOT NULL,
  `total` varchar(255) NOT NULL,
  `qty_of_water_reqd` varchar(255) NOT NULL,
  `length_of_ug_tank_proposed` varchar(255) NOT NULL,
  `width_of_ug_tank_proposed` varchar(255) NOT NULL,
  `depth_of_ug_tank_proposed` varchar(255) NOT NULL,
  `size_and_capcity_of_ug_tank_proposed` varchar(255) NOT NULL,
  `length_of_oh_tank_proposed` varchar(255) NOT NULL,
  `width_of_oh_tank_proposed` varchar(255) NOT NULL,
  `height_of_oh_tank_proposed` varchar(255) NOT NULL,
  `size_and_capcity_of_oh_tank_proposed` varchar(255) NOT NULL,
  `are_size_and_capcity_of_oh_and_ug_tank_proposed_sufficient` varchar(255) NOT NULL,
  `distance_of_ug_tank_from_supply_line` varchar(255) NOT NULL,
  `status` int(11) NOT NULL,
  `application_no` varchar(255) NOT NULL,
  `timestamp` timestamp NOT NULL DEFAULT current_timestamp(),
  `date` timestamp NOT NULL DEFAULT current_timestamp() ON UPDATE current_timestamp(),
  `user_id` int(11) NOT NULL,
  `paid` varchar(255) NOT NULL,
  `certificate` varchar(255) NOT NULL,
  `are_all_connections_disconnected_on_site_from_main_line` varchar(255) NOT NULL,
  `is_sewage_treatment_plant_proposed_for_the_proposal` varchar(255) NOT NULL,
  `upload_declaration_certificate` text NOT NULL,
  `cc_number` varchar(255) NOT NULL,
  `upload_cc_certificate` varchar(255) NOT NULL,
  `mobile_no` varchar(255) NOT NULL,
  `upload_water_tank_plan` varchar(255) NOT NULL,
  `upload_property_google_location_with_coordinates` varchar(255) NOT NULL
) ENGINE=InnoDB DEFAULT CHARSET=utf8mb4;

-- --------------------------------------------------------

--
-- Table structure for table `application_mapping`
--

CREATE TABLE `application_mapping` (
  `id` int(11) NOT NULL,
  `db_name` varchar(255) NOT NULL,
  `rec_id` varchar(255) NOT NULL,
  `appl_type` varchar(255) NOT NULL
) ENGINE=InnoDB DEFAULT CHARSET=latin1;

-- --------------------------------------------------------

--
-- Table structure for table `information_of_plan`
--

CREATE TABLE `information_of_plan` (
  `id` int(11) NOT NULL,
  `rec_id` int(11) NOT NULL,
  `application_no` varchar(255) NOT NULL,
  `available_esr_name` varchar(255) NOT NULL,
  `available_details_of_main_supply_line` varchar(255) NOT NULL,
  `available_diameter` varchar(255) NOT NULL,
  `available_pressure` varchar(255) NOT NULL,
  `distance_of_property_from_main_supply_line` varchar(255) NOT NULL,
  `is_property_distrubution_network_available` varchar(255) NOT NULL,
  `proposed_esr_name` varchar(255) NOT NULL,
  `proposed_details_of_main_supply_line` varchar(255) NOT NULL,
  `proposed_diameter` varchar(255) NOT NULL,
  `proposed_length` varchar(255) NOT NULL,
  `length` varchar(255) NOT NULL,
  `required_distribution_line` varchar(255) NOT NULL,
  `approximate_cost_of_required_w_s_network_line` varchar(255) NOT NULL,
  `rs` varchar(255) NOT NULL,
  `additional_sump_and_pump_house_of_society` varchar(255) NOT NULL,
  `extending_or_laying_new_pipe_lines_of` varchar(255) NOT NULL
) ENGINE=InnoDB DEFAULT CHARSET=utf8mb4;

-- --------------------------------------------------------

--
-- Table structure for table `information_of_plan_oc`
--

CREATE TABLE `information_of_plan_oc` (
  `id` int(11) NOT NULL,
  `rec_id` int(11) NOT NULL,
  `application_no` varchar(255) NOT NULL,
  `available_esr_name` varchar(255) NOT NULL,
  `available_details_of_main_supply_line` varchar(255) NOT NULL,
  `available_diameter` varchar(255) NOT NULL,
  `available_pressure` varchar(255) NOT NULL,
  `distance_of_property_from_main_supply_line` varchar(255) NOT NULL,
  `is_property_distrubution_network_available` varchar(255) NOT NULL,
  `proposed_esr_name` varchar(255) NOT NULL,
  `proposed_details_of_main_supply_line` varchar(255) NOT NULL,
  `proposed_diameter` varchar(255) NOT NULL,
  `proposed_length` varchar(255) NOT NULL,
  `length` varchar(255) NOT NULL,
  `required_distribution_line` varchar(255) NOT NULL,
  `approximate_cost_of_required_w_s_network_line` varchar(255) NOT NULL,
  `rs` varchar(255) NOT NULL,
  `additional_sump_and_pump_house_of_society` varchar(255) NOT NULL,
  `extending_or_laying_new_pipe_lines_of` varchar(255) NOT NULL
) ENGINE=InnoDB DEFAULT CHARSET=utf8mb4;

-- --------------------------------------------------------

--
-- Table structure for table `label_names`
--

CREATE TABLE `label_names` (
  `id` int(11) NOT NULL,
  `db_name` varchar(255) NOT NULL,
  `field` varchar(255) NOT NULL,
  `label_name` varchar(255) NOT NULL,
  `status` varchar(255) DEFAULT NULL,
  `paid` int(11) DEFAULT NULL,
  `int_no` int(11) DEFAULT NULL,
  `yr` varchar(255) DEFAULT NULL,
  `zone` varchar(255) DEFAULT NULL,
  `payment_done` varchar(255) DEFAULT NULL,
  `certificate_file` varchar(255) DEFAULT NULL,
  `timestamp` timestamp NOT NULL DEFAULT current_timestamp() ON UPDATE current_timestamp()
) ENGINE=InnoDB DEFAULT CHARSET=utf8mb4;

--
-- Dumping data for table `label_names`
--

INSERT INTO `label_names` (`id`, `db_name`, `field`, `label_name`, `status`, `paid`, `int_no`, `yr`, `zone`, `payment_done`, `certificate_file`, `timestamp`) VALUES
(1, 'accept_reject', 'id', 'ID ', NULL, NULL, NULL, NULL, NULL, NULL, NULL, '2025-10-31 04:02:08'),
(2, 'accept_reject', 'rec_id', 'RECORD ID ', NULL, NULL, NULL, NULL, NULL, NULL, NULL, '2025-10-31 04:02:08'),
(3, 'accept_reject', 'action', 'ACTION ', NULL, NULL, NULL, NULL, NULL, NULL, NULL, '2025-10-31 04:02:08'),
(4, 'accept_reject', 'remark', 'REMARK ', NULL, NULL, NULL, NULL, NULL, NULL, NULL, '2025-10-31 04:02:08'),
(5, 'application_form', 'id', 'ID ', NULL, NULL, NULL, NULL, NULL, NULL, NULL, '2025-10-31 04:02:08'),
(6, 'application_form', 'division', 'DIVISION ', NULL, NULL, NULL, NULL, NULL, NULL, NULL, '2025-10-31 04:02:08'),
(7, 'application_form', 'ward', 'WARD ', NULL, NULL, NULL, NULL, NULL, NULL, NULL, '2025-10-31 04:02:08'),
(8, 'application_form', 'landowner_or_applicant_name', 'LANDOWNER / APPLICANT NAME', NULL, NULL, NULL, NULL, NULL, NULL, NULL, '2025-10-31 04:02:08'),
(9, 'application_form', 'licensed_architect_or_engineers_name', 'LICENSED ARCHITECT / ENGINEER NAME ', NULL, NULL, NULL, NULL, NULL, NULL, NULL, '2025-10-31 04:02:08'),
(10, 'application_form', 'property_address', 'PROPERTY ADDRESS ', NULL, NULL, NULL, NULL, NULL, NULL, NULL, '2025-10-31 04:02:08'),
(11, 'application_form', 'landmark', 'LANDMARK ', NULL, NULL, NULL, NULL, NULL, NULL, NULL, '2025-10-31 04:02:08'),
(12, 'application_form', 'survey_no', 'SURVEY NO. ', NULL, NULL, NULL, NULL, NULL, NULL, NULL, '2025-10-31 04:02:08'),
(13, 'application_form', 'house_no', 'HOUSE NO. ', NULL, NULL, NULL, NULL, NULL, NULL, NULL, '2025-10-31 04:02:08'),
(14, 'application_form', 'cts_no', 'CTS NO. ', NULL, NULL, NULL, NULL, NULL, NULL, NULL, '2025-10-31 04:02:08'),
(15, 'application_form', 'village_name', 'VILLAGE NAME ', NULL, NULL, NULL, NULL, NULL, NULL, NULL, '2025-10-31 04:02:08'),
(16, 'application_form', 'taluka_name', 'TALUKA NAME ', NULL, NULL, NULL, NULL, NULL, NULL, NULL, '2025-10-31 04:02:08'),
(17, 'application_form', 'details_of_existing_water_connections', 'DETAILS OF EXISTING WATER CONNECTIONS ', NULL, NULL, NULL, NULL, NULL, NULL, NULL, '2025-10-31 04:02:08'),
(18, 'application_form', 'upload_detailed_location_plan', 'UPLOAD MUNICIPAL SHEET ', NULL, NULL, NULL, NULL, NULL, NULL, NULL, '2025-10-31 04:02:08'),
(19, 'application_form', 'upload_complete_building_layout_plan', 'UPLOAD OTHER DOCUMENT ', NULL, NULL, NULL, NULL, NULL, NULL, NULL, '2025-10-31 04:02:08'),
(20, 'application_form', 'upload_table_showing_residential_and_commercial_tenements_shops', 'UPLOAD TABLE SHOWING RESIDENTIAL & COMMERCIAL TENEMENTS ', NULL, NULL, NULL, NULL, NULL, NULL, NULL, '2025-10-31 04:02:08'),
(21, 'application_form', 'upload_water_requirement_for_the_entire_project', 'UPLOAD WATER REQUIREMENT FOR ENTIRE PROJECT ', NULL, NULL, NULL, NULL, NULL, NULL, NULL, '2025-10-31 04:02:08'),
(22, 'application_form', 'upload_location_plan_showing_existing_open_well', 'UPLOAD LOCATION PLAN SHOWING EXISTING OPEN WELL ', NULL, NULL, NULL, NULL, NULL, NULL, NULL, '2025-10-31 04:02:08'),
(23, 'application_form', 'upload_locations_and_details_of_under_ground_etc', 'UPLOAD LOCATIONS & DETAILS OF UNDERGROUND ETC. ', NULL, NULL, NULL, NULL, NULL, NULL, NULL, '2025-10-31 04:02:08'),
(24, 'application_form', 'upload_plumbing_system_details', 'UPLOAD PLUMBING SYSTEM DETAILS ', NULL, NULL, NULL, NULL, NULL, NULL, NULL, '2025-10-31 04:02:08'),
(25, 'application_form', 'bldg_no', 'BUILDING NO. ', NULL, NULL, NULL, NULL, NULL, NULL, NULL, '2025-10-31 04:02:08'),
(26, 'application_form', 'proposed_quantity_of_residences', 'PROPOSED WATER REQUIREMENT FOR RESIDENCES', NULL, NULL, NULL, NULL, NULL, NULL, NULL, '2025-10-31 04:02:08'),
(27, 'application_form', 'proposed_quantity_of_shops', 'PROPOSED QUANTITY OF SHOPS FOR WATER REQUIREMENT', NULL, NULL, NULL, NULL, NULL, NULL, NULL, '2025-10-31 04:02:08'),
(28, 'application_form', 'proposed_quantity_of_offices', 'PROPOSED QUANTITY OF OFFICES FOR WATER REQUIREMENT', NULL, NULL, NULL, NULL, NULL, NULL, NULL, '2025-10-31 04:02:08'),
(29, 'application_form', 'total', 'TOTAL QUANTITY OF WATER REQUIRED ', NULL, NULL, NULL, NULL, NULL, NULL, NULL, '2025-10-31 04:02:08'),
(30, 'application_form', 'qty_of_water_reqd', 'QUANTITY OF WATER REQUIRED ', NULL, NULL, NULL, NULL, NULL, NULL, NULL, '2025-10-31 04:02:08'),
(31, 'application_form', 'size_and_capcity_of_ug_tank_proposed', 'SIZE & CAPACITY OF UG TANK PROPOSED ', NULL, NULL, NULL, NULL, NULL, NULL, NULL, '2025-10-31 04:02:08'),
(32, 'application_form', 'size_and_capcity_of_oh_tank_proposed', 'SIZE & CAPACITY OF OH TANK PROPOSED ', NULL, NULL, NULL, NULL, NULL, NULL, NULL, '2025-10-31 04:02:08'),
(33, 'application_form', 'are_size_and_capcity_of_oh_and_ug_tank_proposed_sufficient', 'ARE THE SIZES AND CAPACITIES OF THE OH AND UG TANKS SUFFICIENT?', NULL, NULL, NULL, NULL, NULL, NULL, NULL, '2025-10-31 04:02:08'),
(34, 'application_form', 'distance_of_ug_tank_from_supply_line', 'DISTANCE OF UG TANK FROM SUPPLY LINE ', NULL, NULL, NULL, NULL, NULL, NULL, NULL, '2025-10-31 04:02:08'),
(35, 'application_form', 'status', 'STATUS ', NULL, NULL, NULL, NULL, NULL, NULL, NULL, '2025-10-31 04:02:08'),
(36, 'application_form', 'application_no', 'APPLICATION NO. ', NULL, NULL, NULL, NULL, NULL, NULL, NULL, '2025-10-31 04:02:08'),
(37, 'application_form', 'timestamp', 'TIMESTAMP ', NULL, NULL, NULL, NULL, NULL, NULL, NULL, '2025-10-31 04:02:08'),
(38, 'application_form', 'user_id', 'USER ID ', NULL, NULL, NULL, NULL, NULL, NULL, NULL, '2025-10-31 04:02:08'),
(39, 'application_form', 'paid', 'PAID ', NULL, NULL, NULL, NULL, NULL, NULL, NULL, '2025-10-31 04:02:08'),
(40, 'application_form', 'certificate', 'CERTIFICATE ', NULL, NULL, NULL, NULL, NULL, NULL, NULL, '2025-10-31 04:02:08'),
(41, 'application_form', 'are_all_connections_disconnected_on_site_from_main_line', 'ARE ALL CONNECTIONS ON SITE DISCONNECTED FROM THE MAIN LINE?', NULL, NULL, NULL, NULL, NULL, NULL, NULL, '2025-10-31 04:02:08'),
(42, 'application_form', 'is_sewage_treatment_plant_proposed_for_the_proposal', 'IS A SEWAGE TREATMENT PLANT PROPOSED FOR THE PROPOSAL?', NULL, NULL, NULL, NULL, NULL, NULL, NULL, '2025-10-31 04:02:08'),
(43, 'information_of_plan', 'id', 'ID ', NULL, NULL, NULL, NULL, NULL, NULL, NULL, '2025-10-31 04:02:08'),
(44, 'information_of_plan', 'rec_id', 'RECORD ID ', NULL, NULL, NULL, NULL, NULL, NULL, NULL, '2025-10-31 04:02:08'),
(45, 'information_of_plan', 'application_no', 'APPLICATION NO. ', NULL, NULL, NULL, NULL, NULL, NULL, NULL, '2025-10-31 04:02:08'),
(46, 'information_of_plan', 'esr_name', 'ESR NAME ', NULL, NULL, NULL, NULL, NULL, NULL, NULL, '2025-10-31 04:02:08'),
(47, 'information_of_plan', 'details_of_main_supply_line', 'DETAILS OF MAIN SUPPLY LINE ', NULL, NULL, NULL, NULL, NULL, NULL, NULL, '2025-10-31 04:02:08'),
(48, 'information_of_plan', 'diameter', 'DIAMETER ', NULL, NULL, NULL, NULL, NULL, NULL, NULL, '2025-10-31 04:02:08'),
(49, 'information_of_plan', 'pressure', 'PRESSURE ', NULL, NULL, NULL, NULL, NULL, NULL, NULL, '2025-10-31 04:02:08'),
(50, 'information_of_plan', 'distance_of_property_from_main_supply_line', 'DISTANCE OF PROPERTY FROM MAIN SUPPLY LINE ', NULL, NULL, NULL, NULL, NULL, NULL, NULL, '2025-10-31 04:02:08'),
(51, 'information_of_plan', 'is_property_distrubution_network_available', 'IS PROPERTY DISTRIBUTION NETWORK AVAILABLE? ', NULL, NULL, NULL, NULL, NULL, NULL, NULL, '2025-10-31 04:02:08'),
(52, 'information_of_plan', 'length', 'LENGTH ', NULL, NULL, NULL, NULL, NULL, NULL, NULL, '2025-10-31 04:02:08'),
(53, 'information_of_plan', 'required_distribution_line', 'REQUIRED DISTRIBUTION LINE ', NULL, NULL, NULL, NULL, NULL, NULL, NULL, '2025-10-31 04:02:08'),
(54, 'information_of_plan', 'approximate_cost_of_required_w_s_network_line', 'APPROXIMATE COST OF REQUIRED WATER SUPPLY NETWORK LINE ', NULL, NULL, NULL, NULL, NULL, NULL, NULL, '2025-10-31 04:02:08'),
(55, 'information_of_plan', 'extending_or_laying_new_pipe_lines_of', 'EXTENDING OR LAYING NEW PIPE LINES OF ', NULL, NULL, NULL, NULL, NULL, NULL, NULL, '2025-10-31 04:02:08'),
(56, 'information_of_plan', 'additional_sump_and_pump_house_of_society', 'ADDITIONAL SUMP AND PUMP HOUSE OF SOCIETY ', NULL, NULL, NULL, NULL, NULL, NULL, NULL, '2025-10-31 04:02:08'),
(57, 'information_of_plan', 'rs', 'RS. ', NULL, NULL, NULL, NULL, NULL, NULL, NULL, '2025-10-31 04:02:08'),
(58, 'master_division', 'id', 'ID ', NULL, NULL, NULL, NULL, NULL, NULL, NULL, '2025-10-31 04:02:08'),
(59, 'master_division', 'division_name', 'DIVISION NAME ', NULL, NULL, NULL, NULL, NULL, NULL, NULL, '2025-10-31 04:02:08'),
(60, 'master_ward', 'id', 'ID ', NULL, NULL, NULL, NULL, NULL, NULL, NULL, '2025-10-31 04:02:08'),
(61, 'master_ward', 'division', 'DIVISION ', NULL, NULL, NULL, NULL, NULL, NULL, NULL, '2025-10-31 04:02:08'),
(62, 'master_ward', 'ward_name', 'WARD NAME ', NULL, NULL, NULL, NULL, NULL, NULL, NULL, '2025-10-31 04:02:08'),
(63, 'payments', 'id', 'ID ', NULL, NULL, NULL, NULL, NULL, NULL, NULL, '2025-10-31 04:02:08'),
(64, 'payments', 'rec_id', 'RECORD ID ', NULL, NULL, NULL, NULL, NULL, NULL, NULL, '2025-10-31 04:02:08'),
(65, 'payments', 'amount', 'AMOUNT ', NULL, NULL, NULL, NULL, NULL, NULL, NULL, '2025-10-31 04:02:08'),
(66, 'payments', 'payment_mode', 'PAYMENT MODE ', NULL, NULL, NULL, NULL, NULL, NULL, NULL, '2025-10-31 04:02:08'),
(67, 'payments', 'payment_person', 'PAYMENT PERSON ', NULL, NULL, NULL, NULL, NULL, NULL, NULL, '2025-10-31 04:02:08'),
(68, 'payments', 'payment_cash_collection_center', 'PAYMENT CASH COLLECTION CENTER ', NULL, NULL, NULL, NULL, NULL, NULL, NULL, '2025-10-31 04:02:08'),
(69, 'payments', 'payment_counter', 'PAYMENT COUNTER ', NULL, NULL, NULL, NULL, NULL, NULL, NULL, '2025-10-31 04:02:08'),
(70, 'payments', 'timestamp', 'TIMESTAMP ', NULL, NULL, NULL, NULL, NULL, NULL, NULL, '2025-10-31 04:02:08'),
(71, 'roles', 'role_id', 'ROLE ID ', NULL, NULL, NULL, NULL, NULL, NULL, NULL, '2025-10-31 04:02:08'),
(72, 'roles', 'role_name', 'ROLE NAME ', NULL, NULL, NULL, NULL, NULL, NULL, NULL, '2025-10-31 04:02:08'),
(73, 'role_permissions', 'permission_id', 'PERMISSION ID ', NULL, NULL, NULL, NULL, NULL, NULL, NULL, '2025-10-31 04:02:08'),
(74, 'role_permissions', 'role_id', 'ROLE ID ', NULL, NULL, NULL, NULL, NULL, NULL, NULL, '2025-10-31 04:02:08'),
(75, 'role_permissions', 'page_name', 'PAGE NAME ', NULL, NULL, NULL, NULL, NULL, NULL, NULL, '2025-10-31 04:02:08'),
(76, 'role_permissions', 'action_name', 'ACTION NAME ', NULL, NULL, NULL, NULL, NULL, NULL, NULL, '2025-10-31 04:02:08'),
(77, 'user_info', 'id', 'ID ', NULL, NULL, NULL, NULL, NULL, NULL, NULL, '2025-10-31 04:02:08'),
(78, 'user_info', 'username', 'USERNAME ', NULL, NULL, NULL, NULL, NULL, NULL, NULL, '2025-10-31 04:02:08'),
(79, 'user_info', 'password', 'PASSWORD ', NULL, NULL, NULL, NULL, NULL, NULL, NULL, '2025-10-31 04:02:08'),
(80, 'user_info', 'email', 'EMAIL ', NULL, NULL, NULL, NULL, NULL, NULL, NULL, '2025-10-31 04:02:08'),
(81, 'user_info', 'login_session_key', 'LOGIN SESSION KEY ', NULL, NULL, NULL, NULL, NULL, NULL, NULL, '2025-10-31 04:02:08'),
(82, 'user_info', 'email_status', 'EMAIL STATUS ', NULL, NULL, NULL, NULL, NULL, NULL, NULL, '2025-10-31 04:02:08'),
(83, 'user_info', 'password_expire_date', 'PASSWORD EXPIRY DATE ', NULL, NULL, NULL, NULL, NULL, NULL, NULL, '2025-10-31 04:02:08'),
(84, 'user_info', 'password_reset_key', 'PASSWORD RESET KEY ', NULL, NULL, NULL, NULL, NULL, NULL, NULL, '2025-10-31 04:02:08'),
(85, 'user_info', 'user_role_id', 'USER ROLE ID ', NULL, NULL, NULL, NULL, NULL, NULL, NULL, '2025-10-31 04:02:08'),
(86, 'water_form_details', 'id', 'ID ', NULL, NULL, NULL, NULL, NULL, NULL, NULL, '2025-10-31 04:02:08'),
(87, 'water_form_details', 'rec_id', 'RECORD ID ', NULL, NULL, NULL, NULL, NULL, NULL, NULL, '2025-10-31 04:02:08'),
(88, 'water_form_details', 'application_no', 'APPLICATION NO. ', NULL, NULL, NULL, NULL, NULL, NULL, NULL, '2025-10-31 04:02:08'),
(89, 'water_form_details', 'no_of_connections', 'NUMBER OF CONNECTIONS ', NULL, NULL, NULL, NULL, NULL, NULL, NULL, '2025-10-31 04:02:08'),
(90, 'water_form_details', 'diameter', 'DIAMETER ', NULL, NULL, NULL, NULL, NULL, NULL, NULL, '2025-10-31 04:02:08'),
(91, 'water_form_details', 'connection_no', 'CONNECTION NO. ', NULL, NULL, NULL, NULL, NULL, NULL, NULL, '2025-10-31 04:02:08'),
(92, 'water_form_details', 'are_upto_date_bills_paid', 'ARE UP-TO-DATE BILLS PAID? ', NULL, NULL, NULL, NULL, NULL, NULL, NULL, '2025-10-31 04:02:08');

-- --------------------------------------------------------

--
-- Table structure for table `master_division`
--

CREATE TABLE `master_division` (
  `id` int(11) NOT NULL,
  `division_name` varchar(255) NOT NULL
) ENGINE=InnoDB DEFAULT CHARSET=utf8mb4;

--
-- Dumping data for table `master_division`
--

INSERT INTO `master_division` (`id`, `division_name`) VALUES
(1, 'A'),
(2, 'B'),
(3, 'C'),
(4, 'D');

-- --------------------------------------------------------

--
-- Table structure for table `master_ward`
--

CREATE TABLE `master_ward` (
  `id` int(11) NOT NULL,
  `ward_name` varchar(255) NOT NULL
) ENGINE=InnoDB DEFAULT CHARSET=utf8mb4;

--
-- Dumping data for table `master_ward`
--

INSERT INTO `master_ward` (`id`, `ward_name`) VALUES
(1, 'A'),
(2, 'B'),
(11, 'C'),
(12, 'D'),
(13, 'E'),
(14, 'F'),
(15, 'G'),
(16, 'H'),
(17, 'I'),
(18, 'J');

-- --------------------------------------------------------

--
-- Table structure for table `payments`
--

CREATE TABLE `payments` (
  `id` int(11) NOT NULL,
  `rec_id` int(11) NOT NULL,
  `amount` varchar(255) NOT NULL,
  `payment_mode` varchar(255) NOT NULL,
  `payment_person` varchar(255) NOT NULL,
  `payment_cash_collection_center` varchar(255) NOT NULL,
  `payment_counter` varchar(255) NOT NULL,
  `timestamp` timestamp NOT NULL DEFAULT current_timestamp(),
  `db_name` varchar(255) NOT NULL DEFAULT 'cc'
) ENGINE=InnoDB DEFAULT CHARSET=utf8mb4;

-- --------------------------------------------------------

--
-- Table structure for table `roles`
--

CREATE TABLE `roles` (
  `role_id` int(11) NOT NULL,
  `role_name` varchar(255) NOT NULL
) ENGINE=InnoDB DEFAULT CHARSET=utf8mb4;

--
-- Dumping data for table `roles`
--

INSERT INTO `roles` (`role_id`, `role_name`) VALUES
(1, 'Administrator'),
(4, 'Auth1'),
(3, 'Auth2'),
(5, 'Auth3'),
(6, 'commissioner'),
(8, 'dept_hod'),
(7, 'superadmin'),
(9, 'townplanning_admin'),
(2, 'User');

-- --------------------------------------------------------

--
-- Table structure for table `role_permissions`
--

CREATE TABLE `role_permissions` (
  `permission_id` int(11) NOT NULL,
  `role_id` int(11) NOT NULL,
  `page_name` varchar(255) NOT NULL,
  `action_name` varchar(255) NOT NULL
) ENGINE=InnoDB DEFAULT CHARSET=utf8mb4;

--
-- Dumping data for table `role_permissions`
--

INSERT INTO `role_permissions` (`permission_id`, `role_id`, `page_name`, `action_name`) VALUES
(7024, 1, 'application_form', 'list'),
(7025, 1, 'application_form', 'view'),
(7026, 1, 'application_form', 'edit'),
(7027, 1, 'application_form', 'editfield'),
(7028, 1, 'application_form', 'delete'),
(7029, 1, 'application_form', 'import_data'),
(7030, 1, 'information_of_plan', 'list'),
(7031, 1, 'information_of_plan', 'view'),
(7032, 1, 'information_of_plan', 'add'),
(7033, 1, 'information_of_plan', 'edit'),
(7034, 1, 'information_of_plan', 'editfield'),
(7035, 1, 'information_of_plan', 'delete'),
(7036, 1, 'information_of_plan', 'import_data'),
(7037, 1, 'user_info', 'list'),
(7038, 1, 'user_info', 'view'),
(7039, 1, 'user_info', 'add'),
(7040, 1, 'user_info', 'edit'),
(7041, 1, 'user_info', 'editfield'),
(7042, 1, 'user_info', 'delete'),
(7043, 1, 'user_info', 'import_data'),
(7044, 1, 'water_form_details', 'list'),
(7045, 1, 'water_form_details', 'view'),
(7046, 1, 'water_form_details', 'add'),
(7047, 1, 'water_form_details', 'edit'),
(7048, 1, 'water_form_details', 'editfield'),
(7049, 1, 'water_form_details', 'delete'),
(7050, 1, 'water_form_details', 'import_data'),
(7051, 1, 'user_info', 'userregister'),
(7052, 1, 'user_info', 'accountedit'),
(7053, 1, 'user_info', 'accountview'),
(7054, 1, 'role_permissions', 'list'),
(7055, 1, 'role_permissions', 'view'),
(7056, 1, 'role_permissions', 'add'),
(7057, 1, 'role_permissions', 'edit'),
(7058, 1, 'role_permissions', 'editfield'),
(7059, 1, 'role_permissions', 'delete'),
(7060, 1, 'roles', 'list'),
(7061, 1, 'roles', 'view'),
(7062, 1, 'roles', 'add'),
(7063, 1, 'roles', 'edit'),
(7064, 1, 'roles', 'editfield'),
(7065, 1, 'roles', 'delete'),
(7066, 1, 'application_form', 'edit2'),
(7067, 1, 'payments', 'list'),
(7068, 1, 'payments', 'view'),
(7069, 1, 'payments', 'add'),
(7070, 1, 'payments', 'edit'),
(7071, 1, 'payments', 'editfield'),
(7072, 1, 'payments', 'delete'),
(7073, 1, 'accept_reject', 'list'),
(7074, 1, 'accept_reject', 'view'),
(7075, 1, 'accept_reject', 'add'),
(7076, 1, 'accept_reject', 'edit'),
(7077, 1, 'accept_reject', 'editfield'),
(7078, 1, 'accept_reject', 'delete'),
(7079, 1, 'application_form', 'edit_approval'),
(7080, 1, 'master_division', 'list'),
(7081, 1, 'master_division', 'view'),
(7082, 1, 'master_division', 'add'),
(7083, 1, 'master_division', 'edit'),
(7084, 1, 'master_division', 'editfield'),
(7085, 1, 'master_ward', 'list'),
(7086, 1, 'master_ward', 'view'),
(7087, 1, 'master_ward', 'add'),
(7088, 1, 'master_ward', 'edit'),
(7089, 1, 'master_ward', 'editfield'),
(7090, 1, 'application_form', 'generate_noc'),
(7091, 1, 'application_form_oc', 'list'),
(7092, 1, 'application_form_oc', 'view'),
(7093, 1, 'application_form_oc', 'add'),
(7094, 1, 'application_form_oc', 'edit'),
(7095, 1, 'application_form_oc', 'editfield'),
(7096, 1, 'application_form_oc', 'delete'),
(7097, 1, 'information_of_plan_oc', 'list'),
(7098, 1, 'information_of_plan_oc', 'view'),
(7099, 1, 'information_of_plan_oc', 'add'),
(7100, 1, 'information_of_plan_oc', 'edit'),
(7101, 1, 'information_of_plan_oc', 'editfield'),
(7102, 1, 'information_of_plan_oc', 'delete'),
(7103, 1, 'water_form_details_oc', 'list'),
(7104, 1, 'water_form_details_oc', 'view'),
(7105, 1, 'water_form_details_oc', 'add'),
(7106, 1, 'water_form_details_oc', 'edit'),
(7107, 1, 'water_form_details_oc', 'editfield'),
(7108, 1, 'water_form_details_oc', 'delete'),
(7109, 1, 'application_form_oc', 'edit2'),
(7110, 1, 'application_form_oc', 'edit_approval'),
(7111, 1, 'application_form_oc', 'generate_noc'),
(7112, 2, 'application_form', 'list'),
(7113, 2, 'application_form', 'view'),
(7114, 2, 'application_form', 'add'),
(7115, 2, 'application_form', 'edit'),
(7116, 2, 'application_form', 'editfield'),
(7117, 2, 'application_form', 'delete'),
(7118, 2, 'application_form', 'import_data'),
(7119, 2, 'information_of_plan', 'view'),
(7120, 2, 'information_of_plan', 'add'),
(7121, 2, 'information_of_plan', 'edit'),
(7122, 2, 'information_of_plan', 'editfield'),
(7123, 2, 'information_of_plan', 'delete'),
(7124, 2, 'information_of_plan', 'import_data'),
(7125, 2, 'user_info', 'view'),
(7126, 2, 'user_info', 'add'),
(7127, 2, 'user_info', 'edit'),
(7128, 2, 'user_info', 'editfield'),
(7129, 2, 'user_info', 'delete'),
(7130, 2, 'user_info', 'import_data'),
(7131, 2, 'water_form_details', 'list'),
(7132, 2, 'water_form_details', 'view'),
(7133, 2, 'water_form_details', 'add'),
(7134, 2, 'water_form_details', 'edit'),
(7135, 2, 'water_form_details', 'editfield'),
(7136, 2, 'water_form_details', 'delete'),
(7137, 2, 'water_form_details', 'import_data'),
(7138, 2, 'user_info', 'userregister'),
(7139, 2, 'user_info', 'accountedit'),
(7140, 2, 'user_info', 'accountview'),
(7141, 2, 'role_permissions', 'view'),
(7142, 2, 'role_permissions', 'add'),
(7143, 2, 'role_permissions', 'edit'),
(7144, 2, 'role_permissions', 'editfield'),
(7145, 2, 'role_permissions', 'delete'),
(7146, 2, 'roles', 'view'),
(7147, 2, 'roles', 'add'),
(7148, 2, 'roles', 'edit'),
(7149, 2, 'roles', 'editfield'),
(7150, 2, 'roles', 'delete'),
(7151, 2, 'application_form', 'edit2'),
(7152, 2, 'payments', 'view'),
(7153, 2, 'payments', 'add'),
(7154, 2, 'payments', 'edit'),
(7155, 2, 'payments', 'editfield'),
(7156, 2, 'payments', 'delete'),
(7157, 2, 'application_form', 'edit_approval'),
(7158, 2, 'application_form', 'generate_noc'),
(7159, 2, 'application_form_oc', 'list'),
(7160, 2, 'application_form_oc', 'view'),
(7161, 2, 'application_form_oc', 'add'),
(7162, 2, 'application_form_oc', 'edit'),
(7163, 2, 'application_form_oc', 'editfield'),
(7164, 2, 'application_form_oc', 'delete'),
(7165, 2, 'information_of_plan_oc', 'view'),
(7166, 2, 'information_of_plan_oc', 'add'),
(7167, 2, 'information_of_plan_oc', 'edit'),
(7168, 2, 'information_of_plan_oc', 'editfield'),
(7169, 2, 'information_of_plan_oc', 'delete'),
(7170, 2, 'water_form_details_oc', 'list'),
(7171, 2, 'water_form_details_oc', 'view'),
(7172, 2, 'water_form_details_oc', 'add'),
(7173, 2, 'water_form_details_oc', 'edit'),
(7174, 2, 'water_form_details_oc', 'editfield'),
(7175, 2, 'water_form_details_oc', 'delete'),
(7176, 2, 'application_form_oc', 'edit2'),
(7177, 2, 'application_form_oc', 'edit_approval'),
(7178, 2, 'application_form_oc', 'generate_noc'),
(7179, 3, 'application_form', 'list'),
(7180, 3, 'application_form', 'view'),
(7181, 3, 'application_form', 'edit'),
(7182, 3, 'application_form', 'editfield'),
(7183, 3, 'application_form', 'delete'),
(7184, 3, 'application_form', 'import_data'),
(7185, 3, 'information_of_plan', 'list'),
(7186, 3, 'information_of_plan', 'view'),
(7187, 3, 'information_of_plan', 'add'),
(7188, 3, 'information_of_plan', 'edit'),
(7189, 3, 'information_of_plan', 'editfield'),
(7190, 3, 'information_of_plan', 'delete'),
(7191, 3, 'information_of_plan', 'import_data'),
(7192, 3, 'user_info', 'userregister'),
(7193, 3, 'user_info', 'accountedit'),
(7194, 3, 'user_info', 'accountview'),
(7195, 3, 'water_form_details', 'list'),
(7196, 3, 'water_form_details', 'view'),
(7197, 3, 'water_form_details', 'add'),
(7198, 3, 'water_form_details', 'edit'),
(7199, 3, 'water_form_details', 'editfield'),
(7200, 3, 'water_form_details', 'delete'),
(7201, 3, 'water_form_details', 'import_data'),
(7202, 3, 'application_form', 'edit2'),
(7203, 3, 'payments', 'view'),
(7204, 3, 'payments', 'add'),
(7205, 3, 'payments', 'edit'),
(7206, 3, 'payments', 'editfield'),
(7207, 3, 'payments', 'delete'),
(7208, 3, 'accept_reject', 'view'),
(7209, 3, 'accept_reject', 'add'),
(7210, 3, 'accept_reject', 'edit'),
(7211, 3, 'accept_reject', 'editfield'),
(7212, 3, 'accept_reject', 'delete'),
(7213, 3, 'application_form', 'edit_approval'),
(7214, 3, 'application_form', 'generate_noc'),
(7215, 3, 'application_form_oc', 'list'),
(7216, 3, 'application_form_oc', 'view'),
(7217, 3, 'application_form_oc', 'edit'),
(7218, 3, 'application_form_oc', 'editfield'),
(7219, 3, 'application_form_oc', 'delete'),
(7220, 3, 'information_of_plan_oc', 'list'),
(7221, 3, 'information_of_plan_oc', 'view'),
(7222, 3, 'information_of_plan_oc', 'add'),
(7223, 3, 'information_of_plan_oc', 'edit'),
(7224, 3, 'information_of_plan_oc', 'editfield'),
(7225, 3, 'information_of_plan_oc', 'delete'),
(7226, 3, 'water_form_details_oc', 'list'),
(7227, 3, 'water_form_details_oc', 'view'),
(7228, 3, 'water_form_details_oc', 'add'),
(7229, 3, 'water_form_details_oc', 'edit'),
(7230, 3, 'water_form_details_oc', 'editfield'),
(7231, 3, 'water_form_details_oc', 'delete'),
(7232, 3, 'application_form_oc', 'edit2'),
(7233, 3, 'application_form_oc', 'edit_approval'),
(7234, 3, 'application_form_oc', 'generate_noc'),
(7235, 4, 'application_form', 'list'),
(7236, 4, 'application_form', 'view'),
(7237, 4, 'application_form', 'edit'),
(7238, 4, 'application_form', 'editfield'),
(7239, 4, 'application_form', 'delete'),
(7240, 4, 'application_form', 'import_data'),
(7241, 4, 'information_of_plan', 'list'),
(7242, 4, 'information_of_plan', 'view'),
(7243, 4, 'information_of_plan', 'add'),
(7244, 4, 'information_of_plan', 'edit'),
(7245, 4, 'information_of_plan', 'editfield'),
(7246, 4, 'information_of_plan', 'delete'),
(7247, 4, 'information_of_plan', 'import_data'),
(7248, 4, 'user_info', 'userregister'),
(7249, 4, 'user_info', 'accountedit'),
(7250, 4, 'user_info', 'accountview'),
(7251, 4, 'water_form_details', 'list'),
(7252, 4, 'water_form_details', 'view'),
(7253, 4, 'water_form_details', 'add'),
(7254, 4, 'water_form_details', 'edit'),
(7255, 4, 'water_form_details', 'editfield'),
(7256, 4, 'water_form_details', 'delete'),
(7257, 4, 'water_form_details', 'import_data'),
(7258, 4, 'application_form', 'edit2'),
(7259, 4, 'payments', 'view'),
(7260, 4, 'payments', 'add'),
(7261, 4, 'payments', 'edit'),
(7262, 4, 'payments', 'editfield'),
(7263, 4, 'payments', 'delete'),
(7264, 4, 'accept_reject', 'view'),
(7265, 4, 'accept_reject', 'add'),
(7266, 4, 'accept_reject', 'edit'),
(7267, 4, 'accept_reject', 'editfield'),
(7268, 4, 'accept_reject', 'delete'),
(7269, 4, 'application_form', 'edit_approval'),
(7270, 4, 'application_form', 'generate_noc'),
(7271, 4, 'application_form_oc', 'list'),
(7272, 4, 'application_form_oc', 'view'),
(7273, 4, 'application_form_oc', 'edit'),
(7274, 4, 'application_form_oc', 'editfield'),
(7275, 4, 'application_form_oc', 'delete'),
(7276, 4, 'information_of_plan_oc', 'list'),
(7277, 4, 'information_of_plan_oc', 'view'),
(7278, 4, 'information_of_plan_oc', 'add'),
(7279, 4, 'information_of_plan_oc', 'edit'),
(7280, 4, 'information_of_plan_oc', 'editfield'),
(7281, 4, 'information_of_plan_oc', 'delete'),
(7282, 4, 'water_form_details_oc', 'list'),
(7283, 4, 'water_form_details_oc', 'view'),
(7284, 4, 'water_form_details_oc', 'add'),
(7285, 4, 'water_form_details_oc', 'edit'),
(7286, 4, 'water_form_details_oc', 'editfield'),
(7287, 4, 'water_form_details_oc', 'delete'),
(7288, 4, 'application_form_oc', 'edit2'),
(7289, 4, 'application_form_oc', 'edit_approval'),
(7290, 4, 'application_form_oc', 'generate_noc'),
(7291, 5, 'application_form', 'list'),
(7292, 5, 'application_form', 'view'),
(7293, 5, 'application_form', 'edit'),
(7294, 5, 'application_form', 'editfield'),
(7295, 5, 'application_form', 'delete'),
(7296, 5, 'application_form', 'import_data'),
(7297, 5, 'information_of_plan', 'list'),
(7298, 5, 'information_of_plan', 'view'),
(7299, 5, 'information_of_plan', 'add'),
(7300, 5, 'information_of_plan', 'edit'),
(7301, 5, 'information_of_plan', 'editfield'),
(7302, 5, 'information_of_plan', 'delete'),
(7303, 5, 'information_of_plan', 'import_data'),
(7304, 5, 'user_info', 'userregister'),
(7305, 5, 'user_info', 'accountedit'),
(7306, 5, 'user_info', 'accountview'),
(7307, 5, 'water_form_details', 'list'),
(7308, 5, 'water_form_details', 'view'),
(7309, 5, 'water_form_details', 'add'),
(7310, 5, 'water_form_details', 'edit'),
(7311, 5, 'water_form_details', 'editfield'),
(7312, 5, 'water_form_details', 'delete'),
(7313, 5, 'water_form_details', 'import_data'),
(7314, 5, 'application_form', 'edit2'),
(7315, 5, 'payments', 'view'),
(7316, 5, 'payments', 'add'),
(7317, 5, 'payments', 'edit'),
(7318, 5, 'payments', 'editfield'),
(7319, 5, 'payments', 'delete'),
(7320, 5, 'accept_reject', 'view'),
(7321, 5, 'accept_reject', 'add'),
(7322, 5, 'accept_reject', 'edit'),
(7323, 5, 'accept_reject', 'editfield'),
(7324, 5, 'accept_reject', 'delete'),
(7325, 5, 'application_form', 'edit_approval'),
(7326, 5, 'application_form', 'generate_noc'),
(7327, 5, 'application_form_oc', 'list'),
(7328, 5, 'application_form_oc', 'view'),
(7329, 5, 'application_form_oc', 'edit'),
(7330, 5, 'application_form_oc', 'editfield'),
(7331, 5, 'application_form_oc', 'delete'),
(7332, 5, 'information_of_plan_oc', 'list'),
(7333, 5, 'information_of_plan_oc', 'view'),
(7334, 5, 'information_of_plan_oc', 'add'),
(7335, 5, 'information_of_plan_oc', 'edit'),
(7336, 5, 'information_of_plan_oc', 'editfield'),
(7337, 5, 'information_of_plan_oc', 'delete'),
(7338, 5, 'water_form_details_oc', 'list'),
(7339, 5, 'water_form_details_oc', 'view'),
(7340, 5, 'water_form_details_oc', 'add'),
(7341, 5, 'water_form_details_oc', 'edit'),
(7342, 5, 'water_form_details_oc', 'editfield'),
(7343, 5, 'water_form_details_oc', 'delete'),
(7344, 5, 'application_form_oc', 'edit2'),
(7345, 5, 'application_form_oc', 'edit_approval'),
(7346, 5, 'application_form_oc', 'generate_noc'),
(7347, 6, 'application_form', 'list'),
(7348, 6, 'application_form', 'view'),
(7349, 6, 'application_form', 'edit'),
(7350, 6, 'application_form', 'editfield'),
(7351, 6, 'application_form', 'delete'),
(7352, 6, 'application_form', 'edit2'),
(7353, 6, 'application_form', 'edit_approval'),
(7354, 6, 'application_form', 'generate_noc'),
(7355, 6, 'application_form', 'import_data'),
(7356, 6, 'information_of_plan', 'list'),
(7357, 6, 'information_of_plan', 'view'),
(7358, 6, 'information_of_plan', 'add'),
(7359, 6, 'information_of_plan', 'edit'),
(7360, 6, 'information_of_plan', 'editfield'),
(7361, 6, 'information_of_plan', 'delete'),
(7362, 6, 'information_of_plan', 'import_data'),
(7363, 6, 'user_info', 'list'),
(7364, 6, 'user_info', 'view'),
(7365, 6, 'user_info', 'userregister'),
(7366, 6, 'user_info', 'accountedit'),
(7367, 6, 'user_info', 'accountview'),
(7368, 6, 'user_info', 'add'),
(7369, 6, 'user_info', 'edit'),
(7370, 6, 'user_info', 'editfield'),
(7371, 6, 'user_info', 'delete'),
(7372, 6, 'user_info', 'import_data'),
(7373, 6, 'water_form_details', 'list'),
(7374, 6, 'water_form_details', 'view'),
(7375, 6, 'water_form_details', 'add'),
(7376, 6, 'water_form_details', 'edit'),
(7377, 6, 'water_form_details', 'editfield'),
(7378, 6, 'water_form_details', 'delete'),
(7379, 6, 'water_form_details', 'import_data'),
(7380, 6, 'role_permissions', 'list'),
(7381, 6, 'role_permissions', 'view'),
(7382, 6, 'role_permissions', 'add'),
(7383, 6, 'role_permissions', 'edit'),
(7384, 6, 'role_permissions', 'editfield'),
(7385, 6, 'role_permissions', 'delete'),
(7386, 6, 'role_permissions', 'import_data'),
(7387, 6, 'roles', 'list'),
(7388, 6, 'roles', 'view'),
(7389, 6, 'roles', 'add'),
(7390, 6, 'roles', 'edit'),
(7391, 6, 'roles', 'editfield'),
(7392, 6, 'roles', 'delete'),
(7393, 6, 'roles', 'import_data'),
(7394, 6, 'payments', 'list'),
(7395, 6, 'payments', 'view'),
(7396, 6, 'payments', 'add'),
(7397, 6, 'payments', 'edit'),
(7398, 6, 'payments', 'editfield'),
(7399, 6, 'payments', 'delete'),
(7400, 6, 'payments', 'import_data'),
(7401, 6, 'accept_reject', 'list'),
(7402, 6, 'accept_reject', 'view'),
(7403, 6, 'accept_reject', 'add'),
(7404, 6, 'accept_reject', 'edit'),
(7405, 6, 'accept_reject', 'editfield'),
(7406, 6, 'accept_reject', 'delete'),
(7407, 6, 'accept_reject', 'import_data'),
(7408, 6, 'master_division', 'list'),
(7409, 6, 'master_division', 'view'),
(7410, 6, 'master_division', 'add'),
(7411, 6, 'master_division', 'edit'),
(7412, 6, 'master_division', 'editfield'),
(7413, 6, 'master_division', 'import_data'),
(7414, 6, 'master_ward', 'list'),
(7415, 6, 'master_ward', 'view'),
(7416, 6, 'master_ward', 'add'),
(7417, 6, 'master_ward', 'edit'),
(7418, 6, 'master_ward', 'editfield'),
(7419, 6, 'master_ward', 'import_data'),
(7420, 6, 'application_form_oc', 'list'),
(7421, 6, 'application_form_oc', 'view'),
(7422, 6, 'application_form_oc', 'add'),
(7423, 6, 'application_form_oc', 'edit'),
(7424, 6, 'application_form_oc', 'editfield'),
(7425, 6, 'application_form_oc', 'delete'),
(7426, 6, 'information_of_plan_oc', 'list'),
(7427, 6, 'information_of_plan_oc', 'view'),
(7428, 6, 'information_of_plan_oc', 'add'),
(7429, 6, 'information_of_plan_oc', 'edit'),
(7430, 6, 'information_of_plan_oc', 'editfield'),
(7431, 6, 'information_of_plan_oc', 'delete'),
(7432, 6, 'water_form_details_oc', 'list'),
(7433, 6, 'water_form_details_oc', 'view'),
(7434, 6, 'water_form_details_oc', 'add'),
(7435, 6, 'water_form_details_oc', 'edit'),
(7436, 6, 'water_form_details_oc', 'editfield'),
(7437, 6, 'water_form_details_oc', 'delete'),
(7438, 6, 'application_form_oc', 'edit2'),
(7439, 6, 'application_form_oc', 'edit_approval'),
(7440, 6, 'application_form_oc', 'generate_noc'),
(7441, 7, 'application_form', 'list'),
(7442, 7, 'application_form', 'view'),
(7443, 7, 'application_form', 'add'),
(7444, 7, 'application_form', 'edit'),
(7445, 7, 'application_form', 'editfield'),
(7446, 7, 'application_form', 'delete'),
(7447, 7, 'application_form', 'edit2'),
(7448, 7, 'application_form', 'edit_approval'),
(7449, 7, 'application_form', 'generate_noc'),
(7450, 7, 'application_form', 'import_data'),
(7451, 7, 'information_of_plan', 'list'),
(7452, 7, 'information_of_plan', 'view'),
(7453, 7, 'information_of_plan', 'add'),
(7454, 7, 'information_of_plan', 'edit'),
(7455, 7, 'information_of_plan', 'editfield'),
(7456, 7, 'information_of_plan', 'delete'),
(7457, 7, 'information_of_plan', 'import_data'),
(7458, 7, 'user_info', 'list'),
(7459, 7, 'user_info', 'view'),
(7460, 7, 'user_info', 'userregister'),
(7461, 7, 'user_info', 'accountedit'),
(7462, 7, 'user_info', 'accountview'),
(7463, 7, 'user_info', 'add'),
(7464, 7, 'user_info', 'edit'),
(7465, 7, 'user_info', 'editfield'),
(7466, 7, 'user_info', 'delete'),
(7467, 7, 'user_info', 'import_data'),
(7468, 7, 'water_form_details', 'list'),
(7469, 7, 'water_form_details', 'view'),
(7470, 7, 'water_form_details', 'add'),
(7471, 7, 'water_form_details', 'edit'),
(7472, 7, 'water_form_details', 'editfield'),
(7473, 7, 'water_form_details', 'delete'),
(7474, 7, 'water_form_details', 'import_data'),
(7475, 7, 'role_permissions', 'list'),
(7476, 7, 'role_permissions', 'view'),
(7477, 7, 'role_permissions', 'add'),
(7478, 7, 'role_permissions', 'edit'),
(7479, 7, 'role_permissions', 'editfield'),
(7480, 7, 'role_permissions', 'delete'),
(7481, 7, 'role_permissions', 'import_data'),
(7482, 7, 'roles', 'list'),
(7483, 7, 'roles', 'view'),
(7484, 7, 'roles', 'add'),
(7485, 7, 'roles', 'edit'),
(7486, 7, 'roles', 'editfield'),
(7487, 7, 'roles', 'delete'),
(7488, 7, 'roles', 'import_data'),
(7489, 7, 'payments', 'list'),
(7490, 7, 'payments', 'view'),
(7491, 7, 'payments', 'add'),
(7492, 7, 'payments', 'edit'),
(7493, 7, 'payments', 'editfield'),
(7494, 7, 'payments', 'delete'),
(7495, 7, 'payments', 'import_data'),
(7496, 7, 'accept_reject', 'list'),
(7497, 7, 'accept_reject', 'view'),
(7498, 7, 'accept_reject', 'add'),
(7499, 7, 'accept_reject', 'edit'),
(7500, 7, 'accept_reject', 'editfield'),
(7501, 7, 'accept_reject', 'delete'),
(7502, 7, 'accept_reject', 'import_data'),
(7503, 7, 'master_division', 'list'),
(7504, 7, 'master_division', 'view'),
(7505, 7, 'master_division', 'add'),
(7506, 7, 'master_division', 'edit'),
(7507, 7, 'master_division', 'editfield'),
(7508, 7, 'master_division', 'delete'),
(7509, 7, 'master_division', 'import_data'),
(7510, 7, 'master_ward', 'list'),
(7511, 7, 'master_ward', 'view'),
(7512, 7, 'master_ward', 'add'),
(7513, 7, 'master_ward', 'edit'),
(7514, 7, 'master_ward', 'editfield'),
(7515, 7, 'master_ward', 'delete'),
(7516, 7, 'master_ward', 'import_data'),
(7517, 7, 'application_form_oc', 'list'),
(7518, 7, 'application_form_oc', 'view'),
(7519, 7, 'application_form_oc', 'add'),
(7520, 7, 'application_form_oc', 'edit'),
(7521, 7, 'application_form_oc', 'editfield'),
(7522, 7, 'application_form_oc', 'delete'),
(7523, 7, 'information_of_plan_oc', 'list'),
(7524, 7, 'information_of_plan_oc', 'view'),
(7525, 7, 'information_of_plan_oc', 'add'),
(7526, 7, 'information_of_plan_oc', 'edit'),
(7527, 7, 'information_of_plan_oc', 'editfield'),
(7528, 7, 'information_of_plan_oc', 'delete'),
(7529, 7, 'water_form_details_oc', 'list'),
(7530, 7, 'water_form_details_oc', 'view'),
(7531, 7, 'water_form_details_oc', 'add'),
(7532, 7, 'water_form_details_oc', 'edit'),
(7533, 7, 'water_form_details_oc', 'editfield'),
(7534, 7, 'water_form_details_oc', 'delete'),
(7535, 7, 'application_form_oc', 'edit2'),
(7536, 7, 'application_form_oc', 'edit_approval'),
(7537, 7, 'application_form_oc', 'generate_noc'),
(7538, 8, 'application_form', 'list'),
(7539, 8, 'application_form', 'view'),
(7540, 8, 'application_form', 'edit'),
(7541, 8, 'application_form', 'editfield'),
(7542, 8, 'application_form', 'delete'),
(7543, 8, 'application_form', 'edit2'),
(7544, 8, 'application_form', 'edit_approval'),
(7545, 8, 'application_form', 'generate_noc'),
(7546, 8, 'application_form', 'import_data'),
(7547, 8, 'information_of_plan', 'list'),
(7548, 8, 'information_of_plan', 'view'),
(7549, 8, 'information_of_plan', 'add'),
(7550, 8, 'information_of_plan', 'edit'),
(7551, 8, 'information_of_plan', 'editfield'),
(7552, 8, 'information_of_plan', 'delete'),
(7553, 8, 'information_of_plan', 'import_data'),
(7554, 8, 'user_info', 'list'),
(7555, 8, 'user_info', 'view'),
(7556, 8, 'user_info', 'userregister'),
(7557, 8, 'user_info', 'accountedit'),
(7558, 8, 'user_info', 'accountview'),
(7559, 8, 'user_info', 'add'),
(7560, 8, 'user_info', 'edit'),
(7561, 8, 'user_info', 'editfield'),
(7562, 8, 'user_info', 'delete'),
(7563, 8, 'user_info', 'import_data'),
(7564, 8, 'water_form_details', 'list'),
(7565, 8, 'water_form_details', 'view'),
(7566, 8, 'water_form_details', 'add'),
(7567, 8, 'water_form_details', 'edit'),
(7568, 8, 'water_form_details', 'editfield'),
(7569, 8, 'water_form_details', 'delete'),
(7570, 8, 'water_form_details', 'import_data'),
(7571, 8, 'role_permissions', 'list'),
(7572, 8, 'role_permissions', 'view'),
(7573, 8, 'role_permissions', 'add'),
(7574, 8, 'role_permissions', 'edit'),
(7575, 8, 'role_permissions', 'editfield'),
(7576, 8, 'role_permissions', 'delete'),
(7577, 8, 'role_permissions', 'import_data'),
(7578, 8, 'roles', 'list'),
(7579, 8, 'roles', 'view'),
(7580, 8, 'roles', 'add'),
(7581, 8, 'roles', 'edit'),
(7582, 8, 'roles', 'editfield'),
(7583, 8, 'roles', 'delete'),
(7584, 8, 'roles', 'import_data'),
(7585, 8, 'payments', 'list'),
(7586, 8, 'payments', 'view'),
(7587, 8, 'payments', 'add'),
(7588, 8, 'payments', 'edit'),
(7589, 8, 'payments', 'editfield'),
(7590, 8, 'payments', 'delete'),
(7591, 8, 'payments', 'import_data'),
(7592, 8, 'accept_reject', 'list'),
(7593, 8, 'accept_reject', 'view'),
(7594, 8, 'accept_reject', 'add'),
(7595, 8, 'accept_reject', 'edit'),
(7596, 8, 'accept_reject', 'editfield'),
(7597, 8, 'accept_reject', 'delete'),
(7598, 8, 'accept_reject', 'import_data'),
(7599, 8, 'master_division', 'list'),
(7600, 8, 'master_division', 'view'),
(7601, 8, 'master_division', 'add'),
(7602, 8, 'master_division', 'edit'),
(7603, 8, 'master_division', 'editfield'),
(7604, 8, 'master_division', 'import_data'),
(7605, 8, 'master_ward', 'list'),
(7606, 8, 'master_ward', 'view'),
(7607, 8, 'master_ward', 'add'),
(7608, 8, 'master_ward', 'edit'),
(7609, 8, 'master_ward', 'editfield'),
(7610, 8, 'master_ward', 'import_data'),
(7611, 8, 'application_form_oc', 'list'),
(7612, 8, 'application_form_oc', 'view'),
(7613, 8, 'application_form_oc', 'add'),
(7614, 8, 'application_form_oc', 'edit'),
(7615, 8, 'application_form_oc', 'editfield'),
(7616, 8, 'application_form_oc', 'delete'),
(7617, 8, 'information_of_plan_oc', 'list'),
(7618, 8, 'information_of_plan_oc', 'view'),
(7619, 8, 'information_of_plan_oc', 'add'),
(7620, 8, 'information_of_plan_oc', 'edit'),
(7621, 8, 'information_of_plan_oc', 'editfield'),
(7622, 8, 'information_of_plan_oc', 'delete'),
(7623, 8, 'water_form_details_oc', 'list'),
(7624, 8, 'water_form_details_oc', 'view'),
(7625, 8, 'water_form_details_oc', 'add'),
(7626, 8, 'water_form_details_oc', 'edit'),
(7627, 8, 'water_form_details_oc', 'editfield'),
(7628, 8, 'water_form_details_oc', 'delete'),
(7629, 8, 'application_form_oc', 'edit2'),
(7630, 8, 'application_form_oc', 'edit_approval'),
(7631, 8, 'application_form_oc', 'generate_noc'),
(7632, 9, 'application_form', 'list'),
(7633, 9, 'application_form', 'view'),
(7634, 9, 'application_form', 'edit'),
(7635, 9, 'application_form', 'editfield'),
(7636, 9, 'application_form', 'delete'),
(7637, 9, 'application_form', 'edit2'),
(7638, 9, 'application_form', 'edit_approval'),
(7639, 9, 'application_form', 'generate_noc'),
(7640, 9, 'application_form', 'import_data'),
(7641, 9, 'information_of_plan', 'list'),
(7642, 9, 'information_of_plan', 'view'),
(7643, 9, 'information_of_plan', 'add'),
(7644, 9, 'information_of_plan', 'edit'),
(7645, 9, 'information_of_plan', 'editfield'),
(7646, 9, 'information_of_plan', 'delete'),
(7647, 9, 'information_of_plan', 'import_data'),
(7648, 9, 'user_info', 'list'),
(7649, 9, 'user_info', 'view'),
(7650, 9, 'user_info', 'userregister'),
(7651, 9, 'user_info', 'accountedit'),
(7652, 9, 'user_info', 'accountview'),
(7653, 9, 'user_info', 'add'),
(7654, 9, 'user_info', 'edit'),
(7655, 9, 'user_info', 'editfield'),
(7656, 9, 'user_info', 'delete'),
(7657, 9, 'user_info', 'import_data'),
(7658, 9, 'water_form_details', 'list'),
(7659, 9, 'water_form_details', 'view'),
(7660, 9, 'water_form_details', 'add'),
(7661, 9, 'water_form_details', 'edit'),
(7662, 9, 'water_form_details', 'editfield'),
(7663, 9, 'water_form_details', 'delete'),
(7664, 9, 'water_form_details', 'import_data'),
(7665, 9, 'role_permissions', 'list'),
(7666, 9, 'role_permissions', 'view'),
(7667, 9, 'role_permissions', 'add'),
(7668, 9, 'role_permissions', 'edit'),
(7669, 9, 'role_permissions', 'editfield'),
(7670, 9, 'role_permissions', 'delete'),
(7671, 9, 'role_permissions', 'import_data'),
(7672, 9, 'roles', 'list'),
(7673, 9, 'roles', 'view'),
(7674, 9, 'roles', 'add'),
(7675, 9, 'roles', 'edit'),
(7676, 9, 'roles', 'editfield'),
(7677, 9, 'roles', 'delete'),
(7678, 9, 'roles', 'import_data'),
(7679, 9, 'payments', 'list'),
(7680, 9, 'payments', 'view'),
(7681, 9, 'payments', 'add'),
(7682, 9, 'payments', 'edit'),
(7683, 9, 'payments', 'editfield'),
(7684, 9, 'payments', 'delete'),
(7685, 9, 'payments', 'import_data'),
(7686, 9, 'accept_reject', 'list'),
(7687, 9, 'accept_reject', 'view'),
(7688, 9, 'accept_reject', 'add'),
(7689, 9, 'accept_reject', 'edit'),
(7690, 9, 'accept_reject', 'editfield'),
(7691, 9, 'accept_reject', 'delete'),
(7692, 9, 'accept_reject', 'import_data'),
(7693, 9, 'master_division', 'list'),
(7694, 9, 'master_division', 'view'),
(7695, 9, 'master_division', 'add'),
(7696, 9, 'master_division', 'edit'),
(7697, 9, 'master_division', 'editfield'),
(7698, 9, 'master_division', 'import_data'),
(7699, 9, 'master_ward', 'list'),
(7700, 9, 'master_ward', 'view'),
(7701, 9, 'master_ward', 'add'),
(7702, 9, 'master_ward', 'edit'),
(7703, 9, 'master_ward', 'editfield'),
(7704, 9, 'master_ward', 'import_data'),
(7705, 9, 'application_form_oc', 'list'),
(7706, 9, 'application_form_oc', 'view'),
(7707, 9, 'application_form_oc', 'add'),
(7708, 9, 'application_form_oc', 'edit'),
(7709, 9, 'application_form_oc', 'editfield'),
(7710, 9, 'application_form_oc', 'delete'),
(7711, 9, 'information_of_plan_oc', 'list'),
(7712, 9, 'information_of_plan_oc', 'view'),
(7713, 9, 'information_of_plan_oc', 'add'),
(7714, 9, 'information_of_plan_oc', 'edit'),
(7715, 9, 'information_of_plan_oc', 'editfield'),
(7716, 9, 'information_of_plan_oc', 'delete'),
(7717, 9, 'water_form_details_oc', 'list'),
(7718, 9, 'water_form_details_oc', 'view'),
(7719, 9, 'water_form_details_oc', 'add'),
(7720, 9, 'water_form_details_oc', 'edit'),
(7721, 9, 'water_form_details_oc', 'editfield'),
(7722, 9, 'water_form_details_oc', 'delete'),
(7723, 9, 'application_form_oc', 'edit2'),
(7724, 9, 'application_form_oc', 'edit_approval'),
(7725, 9, 'application_form_oc', 'generate_noc'),
(7726, 2, 'information_of_plan', 'list'),
(7727, 5, 'api', 'offlineredirect'),
(7728, 2, 'application_form', 'revert'),
(7729, 2, 'application_form', 'revert'),
(7730, 5, 'payments', 'challan'),
(7731, 6, 'payments', 'challan'),
(7732, 7, 'payments', 'challan'),
(7733, 8, 'payments', 'challan'),
(7734, 9, 'payments', 'challan'),
(7735, 1, 'payments', 'challan'),
(7736, 5, 'payments', 'detailed_challan'),
(7737, 6, 'payments', 'detailed_challan'),
(7738, 7, 'payments', 'detailed_challan'),
(7739, 8, 'payments', 'detailed_challan'),
(7740, 9, 'payments', 'detailed_challan'),
(7741, 1, 'payments', 'detailed_challan');

-- --------------------------------------------------------

--
-- Table structure for table `temp_data`
--

CREATE TABLE `temp_data` (
  `id` int(11) NOT NULL,
  `tablename` varchar(255) NOT NULL,
  `field` varchar(255) NOT NULL,
  `user_id` varchar(255) NOT NULL,
  `value` longtext NOT NULL
) ENGINE=InnoDB DEFAULT CHARSET=latin1;

--
-- Dumping data for table `temp_data`
--

INSERT INTO `temp_data` (`id`, `tablename`, `field`, `user_id`, `value`) VALUES
(1, 'aoc', 'cc_number', '197', ''),
(2, 'aoc', 'ward', '197', ''),
(3, 'aoc', 'property_address', '197', ''),
(4, 'aoc', 'landmark', '197', ''),
(5, 'aoc', 'are_all_connections_disconnected_on_site_from_main_line', '197', ''),
(6, 'aoc', 'is_sewage_treatment_plant_proposed_for_the_proposal', '197', ''),
(7, 'aoc', 'proposed_quantity_of_residences', '197', ''),
(8, 'aoc', 'proposed_quantity_of_shops', '197', ''),
(9, 'aoc', 'proposed_quantity_of_offices', '197', ''),
(10, 'aoc', 'are_size_and_capcity_of_oh_and_ug_tank_proposed_sufficient', '197', ''),
(11, 'aoc', 'length_of_ug_tank_proposed', '197', ''),
(12, 'aoc', 'width_of_ug_tank_proposed', '197', ''),
(13, 'aoc', 'depth_of_ug_tank_proposed', '197', ''),
(14, 'aoc', 'length_of_oh_tank_proposed', '197', ''),
(15, 'aoc', 'width_of_oh_tank_proposed', '197', ''),
(16, 'aoc', 'height_of_oh_tank_proposed', '197', ''),
(17, 'aoc', 'distance_of_ug_tank_from_supply_line', '197', ''),
(18, 'aoc', 'upload_cc_certificate', '197', ''),
(19, 'aoc', 'upload_detailed_location_plan', '197', ''),
(20, 'aoc', 'upload_complete_building_layout_plan', '197', ''),
(21, 'aoc', 'upload_declaration_certificate', '197', ''),
(22, 'aoc', 'upload_water_tank_plan', '197', ''),
(23, 'aoc', 'upload_property_google_location_with_coordinates', '197', ''),
(24, 'acc', 'property_address', '199', ''),
(25, 'acc', 'landmark', '199', ''),
(26, 'acc', 'are_all_connections_disconnected_on_site_from_main_line', '199', ''),
(27, 'acc', 'is_sewage_treatment_plant_proposed_for_the_proposal', '199', ''),
(28, 'acc', 'proposed_quantity_of_residences', '199', ''),
(29, 'acc', 'proposed_quantity_of_shops', '199', ''),
(30, 'acc', 'proposed_quantity_of_offices', '199', ''),
(31, 'acc', 'are_size_and_capcity_of_oh_and_ug_tank_proposed_sufficient', '199', ''),
(32, 'acc', 'length_of_ug_tank_proposed', '199', ''),
(33, 'acc', 'width_of_ug_tank_proposed', '199', ''),
(34, 'acc', 'depth_of_ug_tank_proposed', '199', ''),
(35, 'acc', 'length_of_oh_tank_proposed', '199', ''),
(36, 'acc', 'width_of_oh_tank_proposed', '199', ''),
(37, 'acc', 'height_of_oh_tank_proposed', '199', ''),
(38, 'acc', 'distance_of_ug_tank_from_supply_line', '199', ''),
(39, 'acc', 'upload_detailed_location_plan', '199', ''),
(40, 'acc', 'upload_complete_building_layout_plan', '199', ''),
(41, 'acc', 'upload_water_tank_plan', '199', ''),
(42, 'acc', 'upload_property_google_location_with_coordinates', '199', ''),
(43, 'acc', 'property_address', '201', ''),
(44, 'acc', 'landmark', '201', ''),
(45, 'acc', 'are_all_connections_disconnected_on_site_from_main_line', '201', ''),
(46, 'acc', 'is_sewage_treatment_plant_proposed_for_the_proposal', '201', ''),
(47, 'acc', 'proposed_quantity_of_residences', '201', ''),
(48, 'acc', 'proposed_quantity_of_shops', '201', ''),
(49, 'acc', 'proposed_quantity_of_offices', '201', ''),
(50, 'acc', 'are_size_and_capcity_of_oh_and_ug_tank_proposed_sufficient', '201', ''),
(51, 'acc', 'length_of_ug_tank_proposed', '201', ''),
(52, 'acc', 'width_of_ug_tank_proposed', '201', ''),
(53, 'acc', 'depth_of_ug_tank_proposed', '201', ''),
(54, 'acc', 'length_of_oh_tank_proposed', '201', ''),
(55, 'acc', 'width_of_oh_tank_proposed', '201', ''),
(56, 'acc', 'height_of_oh_tank_proposed', '201', ''),
(57, 'acc', 'distance_of_ug_tank_from_supply_line', '201', ''),
(58, 'acc', 'upload_detailed_location_plan', '201', ''),
(59, 'acc', 'upload_complete_building_layout_plan', '201', ''),
(60, 'acc', 'upload_water_tank_plan', '201', ''),
(61, 'acc', 'upload_property_google_location_with_coordinates', '201', ''),
(62, 'acc', 'property_address', '174', 'PROPOSED BUILDING PLAN UNDER ACCOMODATION POLICY ON PLOT BEARING S.NO. 8/1/1(P),61/2(P),1(P), NEW CTS NO. 700(P),701(P),705(P),732,733(P),734(P) AT VILLAGE: GANDHARE,TAL.KALYAN \n'),
(63, 'acc', 'landmark', '174', 'VASANT VALLEY ROAD'),
(64, 'acc', 'are_all_connections_disconnected_on_site_from_main_line', '174', 'YES'),
(65, 'acc', 'is_sewage_treatment_plant_proposed_for_the_proposal', '174', 'NO'),
(66, 'acc', 'proposed_quantity_of_residences', '174', '56700.00'),
(67, 'acc', 'proposed_quantity_of_shops', '174', '810.00'),
(68, 'acc', 'proposed_quantity_of_offices', '174', '1125.00'),
(69, 'acc', 'are_size_and_capcity_of_oh_and_ug_tank_proposed_sufficient', '174', 'YES'),
(70, 'acc', 'length_of_ug_tank_proposed', '174', '4.00'),
(71, 'acc', 'width_of_ug_tank_proposed', '174', '5.00'),
(72, 'acc', 'depth_of_ug_tank_proposed', '174', '3.00'),
(73, 'acc', 'length_of_oh_tank_proposed', '174', '3'),
(74, 'acc', 'width_of_oh_tank_proposed', '174', '5'),
(75, 'acc', 'height_of_oh_tank_proposed', '174', '3'),
(76, 'acc', 'distance_of_ug_tank_from_supply_line', '174', '24M.'),
(77, 'acc', 'upload_detailed_location_plan', '174', 'https://singlewindowsystemkdmc.in/water_noc_app/uploads/files/sqmca8y23xg51j9.pdf'),
(78, 'acc', 'upload_complete_building_layout_plan', '174', 'https://singlewindowsystemkdmc.in/water_noc_app/uploads/files/umjhokyf4rcpqgb.pdf'),
(79, 'acc', 'upload_water_tank_plan', '174', 'https://singlewindowsystemkdmc.in/water_noc_app/uploads/files/4nd9rfpgshk3_2i.pdf'),
(80, 'acc', 'upload_property_google_location_with_coordinates', '174', 'https://singlewindowsystemkdmc.in/water_noc_app/uploads/files/o271_09q5bjtyun.pdf'),
(81, 'acc', 'property_address', '203', 'OFF GANESH MANDIR ROAD, BESIDES GANESH MANDIR LAKE, TITWALA EAST, KALYAN 421605'),
(82, 'acc', 'landmark', '203', 'GANESH MANDIR LAKE'),
(83, 'acc', 'are_all_connections_disconnected_on_site_from_main_line', '203', 'YES'),
(84, 'acc', 'is_sewage_treatment_plant_proposed_for_the_proposal', '203', 'YES'),
(85, 'acc', 'proposed_quantity_of_residences', '203', '395550.00'),
(86, 'acc', 'proposed_quantity_of_shops', '203', '5325.00'),
(87, 'acc', 'proposed_quantity_of_offices', '203', '4275.00'),
(88, 'acc', 'are_size_and_capcity_of_oh_and_ug_tank_proposed_sufficient', '203', 'YES'),
(89, 'acc', 'length_of_ug_tank_proposed', '203', '16.5'),
(90, 'acc', 'width_of_ug_tank_proposed', '203', '5'),
(91, 'acc', 'depth_of_ug_tank_proposed', '203', '3'),
(92, 'acc', 'length_of_oh_tank_proposed', '203', '12'),
(93, 'acc', 'width_of_oh_tank_proposed', '203', '4.5'),
(94, 'acc', 'height_of_oh_tank_proposed', '203', '3'),
(95, 'acc', 'distance_of_ug_tank_from_supply_line', '203', '50'),
(96, 'acc', 'upload_detailed_location_plan', '203', 'https://singlewindowsystemkdmc.in/water_noc_app/uploads/files/6n8gz7doq4e9ibf.pdf'),
(97, 'acc', 'upload_complete_building_layout_plan', '203', 'https://singlewindowsystemkdmc.in/water_noc_app/uploads/files/fzuv4iwoadnljhe.pdf'),
(98, 'acc', 'upload_water_tank_plan', '203', 'https://singlewindowsystemkdmc.in/water_noc_app/uploads/files/umctp5egnaxflk1.pdf'),
(99, 'acc', 'upload_property_google_location_with_coordinates', '203', 'https://singlewindowsystemkdmc.in/water_noc_app/uploads/files/18h7aposxwbmvnc.jpg'),
(100, 'acc', 'property_address', '184', 'PROPOSED BUILDING PLAN UNDER ACCOMODATION POLICY ON PLOT BEARING S.NO. 8/1/1(P),61/2(P),1(P), NEW CTS NO. 700(P),701(P),705(P),732,733(P),734(P) AT VILLAGE: GANDHARE,TAL.KALYAN \n'),
(101, 'acc', 'landmark', '184', 'VASANT VALLEY ROAD'),
(102, 'acc', 'are_all_connections_disconnected_on_site_from_main_line', '184', 'YES'),
(103, 'acc', 'is_sewage_treatment_plant_proposed_for_the_proposal', '184', 'NO'),
(104, 'acc', 'proposed_quantity_of_residences', '184', '56700'),
(105, 'acc', 'proposed_quantity_of_shops', '184', '810'),
(106, 'acc', 'proposed_quantity_of_offices', '184', '1125'),
(107, 'acc', 'are_size_and_capcity_of_oh_and_ug_tank_proposed_sufficient', '184', 'YES'),
(108, 'acc', 'length_of_ug_tank_proposed', '184', '4'),
(109, 'acc', 'width_of_ug_tank_proposed', '184', '5'),
(110, 'acc', 'depth_of_ug_tank_proposed', '184', '3'),
(111, 'acc', 'length_of_oh_tank_proposed', '184', '3'),
(112, 'acc', 'width_of_oh_tank_proposed', '184', '5'),
(113, 'acc', 'height_of_oh_tank_proposed', '184', '3'),
(114, 'acc', 'distance_of_ug_tank_from_supply_line', '184', '24M.'),
(115, 'acc', 'upload_detailed_location_plan', '184', 'https://singlewindowsystemkdmc.in/water_noc_app/uploads/files/sqmca8y23xg51j9.pdf'),
(116, 'acc', 'upload_complete_building_layout_plan', '184', 'https://singlewindowsystemkdmc.in/water_noc_app/uploads/files/nymdiaqc5wkfo3t.pdf'),
(117, 'acc', 'upload_water_tank_plan', '184', ''),
(118, 'acc', 'upload_property_google_location_with_coordinates', '184', 'https://singlewindowsystemkdmc.in/water_noc_app/uploads/files/8esimk_zouh6x2t.pdf'),
(119, 'acc', 'property_address', '200', 'DINDAYAL CROSS ROAD, DOMBIVLI (W)'),
(120, 'acc', 'landmark', '200', 'NEAR JALSA BUNGLOW '),
(121, 'acc', 'are_all_connections_disconnected_on_site_from_main_line', '200', 'NO'),
(122, 'acc', 'is_sewage_treatment_plant_proposed_for_the_proposal', '200', 'NO'),
(123, 'acc', 'proposed_quantity_of_residences', '200', '22950'),
(124, 'acc', 'proposed_quantity_of_shops', '200', '0'),
(125, 'acc', 'proposed_quantity_of_offices', '200', '0'),
(126, 'acc', 'are_size_and_capcity_of_oh_and_ug_tank_proposed_sufficient', '200', 'YES'),
(127, 'acc', 'length_of_ug_tank_proposed', '200', '4'),
(128, 'acc', 'width_of_ug_tank_proposed', '200', '2'),
(129, 'acc', 'depth_of_ug_tank_proposed', '200', '3'),
(130, 'acc', 'length_of_oh_tank_proposed', '200', '5.97'),
(131, 'acc', 'width_of_oh_tank_proposed', '200', '2.45'),
(132, 'acc', 'height_of_oh_tank_proposed', '200', '2.45'),
(133, 'acc', 'distance_of_ug_tank_from_supply_line', '200', '15'),
(134, 'acc', 'upload_detailed_location_plan', '200', 'https://singlewindowsystemkdmc.in/water_noc_app/uploads/files/exw4cpyhk51bjzl.pdf'),
(135, 'acc', 'upload_complete_building_layout_plan', '200', 'https://singlewindowsystemkdmc.in/water_noc_app/uploads/files/fnz7me9s6b_d3tr.jpeg'),
(136, 'acc', 'upload_water_tank_plan', '200', 'https://singlewindowsystemkdmc.in/water_noc_app/uploads/files/yu3o2pd_fen604r.pdf'),
(137, 'acc', 'upload_property_google_location_with_coordinates', '200', 'https://singlewindowsystemkdmc.in/water_noc_app/uploads/files/hvms6but7key53r.pdf'),
(138, 'acc', 'property_address', '198', 'S. No. 105/8/2, 97/1/9 & 98/2/5 of Mouje - Chikanghar, Tal- Kalyan, Dist.-Thane'),
(139, 'acc', 'landmark', '198', 'S. No. 105/8/2, 97/1/9 & 98/2/5 of Mouje - Chikanghar'),
(140, 'acc', 'are_all_connections_disconnected_on_site_from_main_line', '198', 'NO'),
(141, 'acc', 'is_sewage_treatment_plant_proposed_for_the_proposal', '198', 'YES'),
(142, 'acc', 'proposed_quantity_of_residences', '198', '183465'),
(143, 'acc', 'proposed_quantity_of_shops', '198', '5738'),
(144, 'acc', 'proposed_quantity_of_offices', '198', '3443'),
(145, 'acc', 'are_size_and_capcity_of_oh_and_ug_tank_proposed_sufficient', '198', 'YES'),
(146, 'acc', 'length_of_ug_tank_proposed', '198', '7.15'),
(147, 'acc', 'width_of_ug_tank_proposed', '198', '6.00'),
(148, 'acc', 'depth_of_ug_tank_proposed', '198', '3.00'),
(149, 'acc', 'length_of_oh_tank_proposed', '198', '6'),
(150, 'acc', 'width_of_oh_tank_proposed', '198', '5'),
(151, 'acc', 'height_of_oh_tank_proposed', '198', '2.15'),
(152, 'acc', 'distance_of_ug_tank_from_supply_line', '198', '10'),
(153, 'acc', 'upload_detailed_location_plan', '198', 'https://singlewindowsystemkdmc.in/water_noc_app/uploads/files/gh4csoxzjuy_lqi.pdf'),
(154, 'acc', 'upload_complete_building_layout_plan', '198', 'https://singlewindowsystemkdmc.in/water_noc_app/uploads/files/lr91spfk0cdnhu3.pdf'),
(155, 'acc', 'upload_water_tank_plan', '198', 'https://singlewindowsystemkdmc.in/water_noc_app/uploads/files/asqjlde1o6u8rc0.pdf'),
(156, 'acc', 'upload_property_google_location_with_coordinates', '198', 'https://singlewindowsystemkdmc.in/water_noc_app/uploads/files/jk3odnepfhlci57.png'),
(157, 'aoc', 'cc_number', '208', '0'),
(158, 'aoc', 'ward', '208', 'E'),
(159, 'aoc', 'property_address', '208', 'AAI BANGLOW  STAR COLNY  SAGAV'),
(160, 'aoc', 'landmark', '208', 'BANK OF BARODA '),
(161, 'aoc', 'are_all_connections_disconnected_on_site_from_main_line', '208', 'NO'),
(162, 'aoc', 'is_sewage_treatment_plant_proposed_for_the_proposal', '208', 'NO'),
(163, 'aoc', 'proposed_quantity_of_residences', '208', '0'),
(164, 'aoc', 'proposed_quantity_of_shops', '208', '0'),
(165, 'aoc', 'proposed_quantity_of_offices', '208', '0'),
(166, 'aoc', 'are_size_and_capcity_of_oh_and_ug_tank_proposed_sufficient', '208', 'NO'),
(167, 'aoc', 'length_of_ug_tank_proposed', '208', '0'),
(168, 'aoc', 'width_of_ug_tank_proposed', '208', '0'),
(169, 'aoc', 'depth_of_ug_tank_proposed', '208', '0'),
(170, 'aoc', 'length_of_oh_tank_proposed', '208', '0'),
(171, 'aoc', 'width_of_oh_tank_proposed', '208', '0'),
(172, 'aoc', 'height_of_oh_tank_proposed', '208', '0'),
(173, 'aoc', 'distance_of_ug_tank_from_supply_line', '208', '0'),
(174, 'aoc', 'upload_cc_certificate', '208', ''),
(175, 'aoc', 'upload_detailed_location_plan', '208', 'https://singlewindowsystemkdmc.in/water_noc_app/uploads/files/a7v32r1imwfbyup.pdf'),
(176, 'aoc', 'upload_complete_building_layout_plan', '208', 'https://singlewindowsystemkdmc.in/water_noc_app/uploads/files/an25j9dhs6_1o8w.pdf'),
(177, 'aoc', 'upload_declaration_certificate', '208', 'https://singlewindowsystemkdmc.in/water_noc_app/uploads/files/go2lwhmqtr4kp3a.pdf'),
(178, 'aoc', 'upload_water_tank_plan', '208', 'https://singlewindowsystemkdmc.in/water_noc_app/uploads/files/nf4bh0xtsc6y_7d.pdf'),
(179, 'aoc', 'upload_property_google_location_with_coordinates', '208', 'https://singlewindowsystemkdmc.in/water_noc_app/uploads/files/42dhsxabjpnv_0e.pdf'),
(180, 'acc', 'property_address', '213', 'S.NO.36, H.NO.-3/A/4  AT VILLAGE - CHIKANGHAR , \nTAL.- KALYAN, DIST. THANE .\n'),
(181, 'acc', 'landmark', '213', 'Prem auto circle'),
(182, 'acc', 'are_all_connections_disconnected_on_site_from_main_line', '213', 'YES'),
(183, 'acc', 'is_sewage_treatment_plant_proposed_for_the_proposal', '213', 'NO'),
(184, 'acc', 'proposed_quantity_of_residences', '213', '5200.00'),
(185, 'acc', 'proposed_quantity_of_shops', '213', '2000.00'),
(186, 'acc', 'proposed_quantity_of_offices', '213', '5000.00'),
(187, 'acc', 'are_size_and_capcity_of_oh_and_ug_tank_proposed_sufficient', '213', 'YES'),
(188, 'acc', 'length_of_ug_tank_proposed', '213', '10.00'),
(189, 'acc', 'width_of_ug_tank_proposed', '213', '5.00'),
(190, 'acc', 'depth_of_ug_tank_proposed', '213', '2.00'),
(191, 'acc', 'length_of_oh_tank_proposed', '213', '8.50'),
(192, 'acc', 'width_of_oh_tank_proposed', '213', '4.00'),
(193, 'acc', 'height_of_oh_tank_proposed', '213', '2.00'),
(194, 'acc', 'distance_of_ug_tank_from_supply_line', '213', '6.00'),
(195, 'acc', 'upload_detailed_location_plan', '213', 'https://singlewindowsystemkdmc.in/water_noc_app/uploads/files/fle1gs85t4xic2u.pdf'),
(196, 'acc', 'upload_complete_building_layout_plan', '213', 'https://singlewindowsystemkdmc.in/water_noc_app/uploads/files/xvfcn92g0li4m_6.pdf'),
(197, 'acc', 'upload_water_tank_plan', '213', 'https://singlewindowsystemkdmc.in/water_noc_app/uploads/files/ntz0vqh4c36iw98.pdf'),
(198, 'acc', 'upload_property_google_location_with_coordinates', '213', 'https://singlewindowsystemkdmc.in/water_noc_app/uploads/files/dokqm45w_103jnx.pdf'),
(199, 'acc', 'property_address', '202', 'PLOT BEARING S.NO.93/A,H.NO. 1/4/2 AT RAMBAUG,TAL-KALYAN DIST-THANE'),
(200, 'acc', 'landmark', '202', 'RAMBAUG'),
(201, 'acc', 'are_all_connections_disconnected_on_site_from_main_line', '202', 'YES'),
(202, 'acc', 'is_sewage_treatment_plant_proposed_for_the_proposal', '202', 'NO'),
(203, 'acc', 'proposed_quantity_of_residences', '202', '13095'),
(204, 'acc', 'proposed_quantity_of_shops', '202', '1913'),
(205, 'acc', 'proposed_quantity_of_offices', '202', '2340'),
(206, 'acc', 'are_size_and_capcity_of_oh_and_ug_tank_proposed_sufficient', '202', 'YES'),
(207, 'acc', 'length_of_ug_tank_proposed', '202', '6.48'),
(208, 'acc', 'width_of_ug_tank_proposed', '202', '3.24'),
(209, 'acc', 'depth_of_ug_tank_proposed', '202', '1.62'),
(210, 'acc', 'length_of_oh_tank_proposed', '202', '6'),
(211, 'acc', 'width_of_oh_tank_proposed', '202', '4.70'),
(212, 'acc', 'height_of_oh_tank_proposed', '202', '2.20'),
(213, 'acc', 'distance_of_ug_tank_from_supply_line', '202', '10'),
(214, 'acc', 'upload_detailed_location_plan', '202', 'https://singlewindowsystemkdmc.in/water_noc_app/uploads/files/yje6zi_140gtamw.pdf'),
(215, 'acc', 'upload_complete_building_layout_plan', '202', 'https://singlewindowsystemkdmc.in/water_noc_app/uploads/files/lpvyr8kie57jdu1.pdf'),
(216, 'acc', 'upload_water_tank_plan', '202', 'https://singlewindowsystemkdmc.in/water_noc_app/uploads/files/98ha51n3sm27ibj.pdf'),
(217, 'acc', 'upload_property_google_location_with_coordinates', '202', 'https://singlewindowsystemkdmc.in/water_noc_app/uploads/files/5ik39coagej6_12.jpeg'),
(218, 'acc', 'property_address', '217', 'S.NO.58 H.NO.5 , GOLIVALI , DOMBIVLI EAST'),
(219, 'acc', 'landmark', '217', 'RAGENCY ANANATAM ROAD'),
(220, 'acc', 'are_all_connections_disconnected_on_site_from_main_line', '217', 'NO'),
(221, 'acc', 'is_sewage_treatment_plant_proposed_for_the_proposal', '217', 'NO'),
(222, 'acc', 'proposed_quantity_of_residences', '217', '3000'),
(223, 'acc', 'proposed_quantity_of_shops', '217', '3000'),
(224, 'acc', 'proposed_quantity_of_offices', '217', '0'),
(225, 'acc', 'are_size_and_capcity_of_oh_and_ug_tank_proposed_sufficient', '217', 'YES'),
(226, 'acc', 'length_of_ug_tank_proposed', '217', '2'),
(227, 'acc', 'width_of_ug_tank_proposed', '217', '1.5'),
(228, 'acc', 'depth_of_ug_tank_proposed', '217', '2'),
(229, 'acc', 'length_of_oh_tank_proposed', '217', '1'),
(230, 'acc', 'width_of_oh_tank_proposed', '217', '2.4'),
(231, 'acc', 'height_of_oh_tank_proposed', '217', '2.4'),
(232, 'acc', 'distance_of_ug_tank_from_supply_line', '217', '15'),
(233, 'acc', 'upload_detailed_location_plan', '217', 'https://singlewindowsystemkdmc.in/water_noc_app/uploads/files/bn201v84jrahsk_.pdf'),
(234, 'acc', 'upload_complete_building_layout_plan', '217', 'https://singlewindowsystemkdmc.in/water_noc_app/uploads/files/yli196c02jqhe_f.pdf'),
(235, 'acc', 'upload_water_tank_plan', '217', 'https://singlewindowsystemkdmc.in/water_noc_app/uploads/files/f_jykbp9qanscr6.pdf'),
(236, 'acc', 'upload_property_google_location_with_coordinates', '217', 'https://singlewindowsystemkdmc.in/water_noc_app/uploads/files/w5dpkfu78c0ht_9.jpg'),
(237, 'acc', 'house_no', '219', '00'),
(238, 'acc', 'property_address', '219', 'CTS NO. 1193 (Old S.No. 98/5/A) at Village Titwala, Tal. Kalyan, Dist. Thane. Goveli Titwala, Road.'),
(239, 'acc', 'landmark', '219', 'Opposite to Mantra'),
(240, 'acc', 'are_all_connections_disconnected_on_site_from_main_line', '219', 'YES'),
(241, 'acc', 'is_sewage_treatment_plant_proposed_for_the_proposal', '219', 'NO'),
(242, 'acc', 'proposed_quantity_of_residences', '219', '0'),
(243, 'acc', 'proposed_quantity_of_shops', '219', '0'),
(244, 'acc', 'proposed_quantity_of_offices', '219', '5.6'),
(245, 'acc', 'are_size_and_capcity_of_oh_and_ug_tank_proposed_sufficient', '219', 'YES'),
(246, 'acc', 'length_of_ug_tank_proposed', '219', '2.5'),
(247, 'acc', 'width_of_ug_tank_proposed', '219', '1.5'),
(248, 'acc', 'depth_of_ug_tank_proposed', '219', '1.5'),
(249, 'acc', 'length_of_oh_tank_proposed', '219', '0'),
(250, 'acc', 'width_of_oh_tank_proposed', '219', '0'),
(251, 'acc', 'height_of_oh_tank_proposed', '219', '0'),
(252, 'acc', 'distance_of_ug_tank_from_supply_line', '219', '57'),
(253, 'acc', 'upload_detailed_location_plan', '219', 'https://singlewindowsystemkdmc.in/water_noc_app/uploads/files/eazj7uwp84rgd1v.pdf'),
(254, 'acc', 'upload_complete_building_layout_plan', '219', 'https://singlewindowsystemkdmc.in/water_noc_app/uploads/files/fhkdc3ewp1u5q7x.pdf'),
(255, 'acc', 'upload_water_tank_plan', '219', 'https://singlewindowsystemkdmc.in/water_noc_app/uploads/files/4z1tavndqo27_b3.pdf'),
(256, 'acc', 'upload_property_google_location_with_coordinates', '219', 'https://singlewindowsystemkdmc.in/water_noc_app/uploads/files/dyhu35xg_jor7sf.pdf'),
(257, 'acc', 'upload_full_potential_plan', '219', 'https://singlewindowsystemkdmc.in/water_noc_app/uploads/files/j3wdos12iu0bqyf.pdf'),
(258, 'acc', 'upload_full_potential_plan', '220', 'https://singlewindowsystemkdmc.in/water_noc_app/uploads/files/mswk9vcrt_26zhd.pdf'),
(259, 'acc', 'property_address', '220', 'S.NO.: 47/2/A, 47/3, 48/5, 49/8 Umbarde (Kalyan Dombivli MahanagarPalika)'),
(260, 'acc', 'landmark', '220', 'UMBARDE TALAW'),
(261, 'acc', 'are_all_connections_disconnected_on_site_from_main_line', '220', 'N/A'),
(262, 'acc', 'is_sewage_treatment_plant_proposed_for_the_proposal', '220', 'NO'),
(263, 'acc', 'proposed_quantity_of_residences', '220', '132300'),
(264, 'acc', 'proposed_quantity_of_shops', '220', '0'),
(265, 'acc', 'proposed_quantity_of_offices', '220', '0'),
(266, 'acc', 'are_size_and_capcity_of_oh_and_ug_tank_proposed_sufficient', '220', 'YES'),
(267, 'acc', 'length_of_ug_tank_proposed', '220', '15'),
(268, 'acc', 'width_of_ug_tank_proposed', '220', '3'),
(269, 'acc', 'depth_of_ug_tank_proposed', '220', '3'),
(270, 'acc', 'length_of_oh_tank_proposed', '220', '3'),
(271, 'acc', 'width_of_oh_tank_proposed', '220', '6'),
(272, 'acc', 'height_of_oh_tank_proposed', '220', '3'),
(273, 'acc', 'distance_of_ug_tank_from_supply_line', '220', '105'),
(274, 'acc', 'upload_detailed_location_plan', '220', 'https://singlewindowsystemkdmc.in/water_noc_app/uploads/files/b4prqdljsmv7hce.pdf'),
(275, 'acc', 'upload_complete_building_layout_plan', '220', 'https://singlewindowsystemkdmc.in/water_noc_app/uploads/files/1pva6hdmf85oix9.pdf'),
(276, 'acc', 'upload_water_tank_plan', '220', 'https://singlewindowsystemkdmc.in/water_noc_app/uploads/files/4xbg7ls61kuoy2h.pdf'),
(277, 'acc', 'upload_property_google_location_with_coordinates', '220', 'https://singlewindowsystemkdmc.in/water_noc_app/uploads/files/a4_mbpq1ythcern.jpg'),
(278, 'acc', 'upload_full_potential_plan', '191', 'https://singlewindowsystemkdmc.in/water_noc_app/uploads/files/1n2q6pfoiusbl3_.pdf'),
(279, 'acc', 'property_address', '191', 'Behind Mataji Mandir Balyani, old Balyani Titwala Road.'),
(280, 'acc', 'landmark', '191', 'Mataji Mandir Balyani'),
(281, 'acc', 'are_all_connections_disconnected_on_site_from_main_line', '191', 'N/A'),
(282, 'acc', 'is_sewage_treatment_plant_proposed_for_the_proposal', '191', 'NO'),
(283, 'acc', 'proposed_quantity_of_residences', '191', '0'),
(284, 'acc', 'proposed_quantity_of_shops', '191', '90'),
(285, 'acc', 'proposed_quantity_of_offices', '191', '12800'),
(286, 'acc', 'are_size_and_capcity_of_oh_and_ug_tank_proposed_sufficient', '191', 'YES'),
(287, 'acc', 'length_of_ug_tank_proposed', '191', '3.00'),
(288, 'acc', 'width_of_ug_tank_proposed', '191', '2.20'),
(289, 'acc', 'depth_of_ug_tank_proposed', '191', '2.00'),
(290, 'acc', 'length_of_oh_tank_proposed', '191', '4.00'),
(291, 'acc', 'width_of_oh_tank_proposed', '191', '3.00'),
(292, 'acc', 'height_of_oh_tank_proposed', '191', '1.80'),
(293, 'acc', 'distance_of_ug_tank_from_supply_line', '191', '17'),
(294, 'acc', 'upload_detailed_location_plan', '191', 'https://singlewindowsystemkdmc.in/water_noc_app/uploads/files/cs6qdxtubhgp31e.pdf'),
(295, 'acc', 'upload_complete_building_layout_plan', '191', 'https://singlewindowsystemkdmc.in/water_noc_app/uploads/files/gk4pmv0osqx3b1c.pdf'),
(296, 'acc', 'upload_water_tank_plan', '191', 'https://singlewindowsystemkdmc.in/water_noc_app/uploads/files/btf7ml43_pgaiqr.pdf'),
(297, 'acc', 'upload_property_google_location_with_coordinates', '191', 'https://singlewindowsystemkdmc.in/water_noc_app/uploads/files/895lbux0yamvc1f.png'),
(298, 'acc', 'upload_full_potential_plan', '182', 'https://singlewindowsystemkdmc.in/water_noc_app/uploads/files/6ms8epku_ygc35v.pdf'),
(299, 'acc', 'property_address', '182', 'PROPOSED BUILDING ON (NEW) C.T.S. NO. 340,343,344,345,351,352,353,356,357,358,359,360, \n(OLD) S.NO.59/3/A,57/2/2/2/5,59/2/C AT VILLAGE- WADEGHAR, TALUKA-KALYAN, DIST.-THANE'),
(300, 'acc', 'landmark', '182', 'NEAR SHREE COMPLEX PHASE 2'),
(301, 'acc', 'are_all_connections_disconnected_on_site_from_main_line', '182', 'N/A'),
(302, 'acc', 'is_sewage_treatment_plant_proposed_for_the_proposal', '182', 'YES'),
(303, 'acc', 'proposed_quantity_of_residences', '182', '125280.00'),
(304, 'acc', 'proposed_quantity_of_shops', '182', '750.00'),
(305, 'acc', 'proposed_quantity_of_offices', '182', '1475.00'),
(306, 'acc', 'are_size_and_capcity_of_oh_and_ug_tank_proposed_sufficient', '182', 'YES'),
(307, 'acc', 'length_of_ug_tank_proposed', '182', '8.00'),
(308, 'acc', 'width_of_ug_tank_proposed', '182', '4.50'),
(309, 'acc', 'depth_of_ug_tank_proposed', '182', '3.00'),
(310, 'acc', 'length_of_oh_tank_proposed', '182', '8.40'),
(311, 'acc', 'width_of_oh_tank_proposed', '182', '5.50'),
(312, 'acc', 'height_of_oh_tank_proposed', '182', '2.00'),
(313, 'acc', 'distance_of_ug_tank_from_supply_line', '182', '24M'),
(314, 'acc', 'upload_detailed_location_plan', '182', 'https://singlewindowsystemkdmc.in/water_noc_app/uploads/files/uroivlagwndhf5c.pdf'),
(315, 'acc', 'upload_complete_building_layout_plan', '182', 'https://singlewindowsystemkdmc.in/water_noc_app/uploads/files/_y4ceow2qi3b1jp.pdf'),
(316, 'acc', 'upload_water_tank_plan', '182', 'https://singlewindowsystemkdmc.in/water_noc_app/uploads/files/q3r79jvlwp0mb6d.pdf'),
(317, 'acc', 'upload_property_google_location_with_coordinates', '182', 'https://singlewindowsystemkdmc.in/water_noc_app/uploads/files/879tx3jz_hik5wl.pdf'),
(318, 'acc', 'upload_full_potential_plan', '228', 'https://singlewindowsystemkdmc.in/water_noc_app/uploads/files/ptcrgbi1k2_jdl0.pdf'),
(319, 'acc', 'property_address', '228', 'VALLABH BHAI PATEL ROAD, DOMBIVLI (E) \n'),
(320, 'acc', 'landmark', '228', ' OPPOSITE LANE OF PLASMA BLOOD BANK \n'),
(321, 'acc', 'are_all_connections_disconnected_on_site_from_main_line', '228', 'N/A'),
(322, 'acc', 'is_sewage_treatment_plant_proposed_for_the_proposal', '228', 'NO'),
(323, 'acc', 'proposed_quantity_of_residences', '228', '18225'),
(324, 'acc', 'proposed_quantity_of_shops', '228', '0'),
(325, 'acc', 'proposed_quantity_of_offices', '228', '0'),
(326, 'acc', 'are_size_and_capcity_of_oh_and_ug_tank_proposed_sufficient', '228', 'YES'),
(327, 'acc', 'length_of_ug_tank_proposed', '228', '6'),
(328, 'acc', 'width_of_ug_tank_proposed', '228', '3'),
(329, 'acc', 'depth_of_ug_tank_proposed', '228', '1.17'),
(330, 'acc', 'length_of_oh_tank_proposed', '228', '7'),
(331, 'acc', 'width_of_oh_tank_proposed', '228', '4'),
(332, 'acc', 'height_of_oh_tank_proposed', '228', '1.37'),
(333, 'acc', 'distance_of_ug_tank_from_supply_line', '228', '10'),
(334, 'acc', 'upload_detailed_location_plan', '228', 'https://singlewindowsystemkdmc.in/water_noc_app/uploads/files/btqco845uw2lhip.pdf'),
(335, 'acc', 'upload_complete_building_layout_plan', '228', 'https://singlewindowsystemkdmc.in/water_noc_app/uploads/files/95k4x_0fqi7lgu1.pdf'),
(336, 'acc', 'upload_water_tank_plan', '228', 'https://singlewindowsystemkdmc.in/water_noc_app/uploads/files/0_ce5twadm6o73g.pdf'),
(337, 'acc', 'upload_property_google_location_with_coordinates', '228', 'https://singlewindowsystemkdmc.in/water_noc_app/uploads/files/djckvpmx12guz_7.jpeg'),
(338, 'acc', 'upload_full_potential_plan', '229', 'https://singlewindowsystemkdmc.in/water_noc_app/uploads/files/r9k1xbz6holmue0.pdf'),
(339, 'acc', 'property_address', '229', 'C.T.S. No. 4332, 4333, Mouje- Dombivali (New), Tal- Kalyan, Dist.\nThane.\n'),
(340, 'acc', 'landmark', '229', 'C.T.S. No. 4332, 4333, Mouje- Dombivali (New), Tal- Kalyan, Dist. Thane.'),
(341, 'acc', 'are_all_connections_disconnected_on_site_from_main_line', '229', 'N/A'),
(342, 'acc', 'is_sewage_treatment_plant_proposed_for_the_proposal', '229', 'YES'),
(343, 'acc', 'proposed_quantity_of_residences', '229', '35000'),
(344, 'acc', 'proposed_quantity_of_shops', '229', '0'),
(345, 'acc', 'proposed_quantity_of_offices', '229', '0'),
(346, 'acc', 'are_size_and_capcity_of_oh_and_ug_tank_proposed_sufficient', '229', 'YES'),
(347, 'acc', 'length_of_ug_tank_proposed', '229', '4.45'),
(348, 'acc', 'width_of_ug_tank_proposed', '229', '3.15'),
(349, 'acc', 'depth_of_ug_tank_proposed', '229', '1.6'),
(350, 'acc', 'length_of_oh_tank_proposed', '229', '5.85'),
(351, 'acc', 'width_of_oh_tank_proposed', '229', '3.15'),
(352, 'acc', 'height_of_oh_tank_proposed', '229', '1.90'),
(353, 'acc', 'distance_of_ug_tank_from_supply_line', '229', '13.55'),
(354, 'acc', 'upload_detailed_location_plan', '229', 'https://singlewindowsystemkdmc.in/water_noc_app/uploads/files/94iry0q8amh_sfj.pdf'),
(355, 'acc', 'upload_complete_building_layout_plan', '229', 'https://singlewindowsystemkdmc.in/water_noc_app/uploads/files/q0lcr1_zf7she5d.pdf'),
(356, 'acc', 'upload_water_tank_plan', '229', 'https://singlewindowsystemkdmc.in/water_noc_app/uploads/files/2vxl340gtkowd9b.pdf'),
(357, 'acc', 'upload_property_google_location_with_coordinates', '229', 'https://singlewindowsystemkdmc.in/water_noc_app/uploads/files/3o12ndp9gb0v7zf.jpeg'),
(358, 'acc', 'upload_full_potential_plan', '173', 'https://singlewindowsystemkdmc.in/water_noc_app/uploads/files/9pybu0m218aki5c.pdf'),
(359, 'acc', 'property_address', '173', 'survey number 62A/1A/Pt New Survey number 62/48 Village - Katemanivali, Taluka – Kalyan (E),'),
(360, 'acc', 'landmark', '173', 'Dnyanmandir High School (Chatrapati Shiksha Mandal)'),
(361, 'acc', 'are_all_connections_disconnected_on_site_from_main_line', '173', 'N/A'),
(362, 'acc', 'is_sewage_treatment_plant_proposed_for_the_proposal', '173', 'NO'),
(363, 'acc', 'proposed_quantity_of_residences', '173', '79648'),
(364, 'acc', 'proposed_quantity_of_shops', '173', '0'),
(365, 'acc', 'proposed_quantity_of_offices', '173', '0'),
(366, 'acc', 'are_size_and_capcity_of_oh_and_ug_tank_proposed_sufficient', '173', 'YES'),
(367, 'acc', 'length_of_ug_tank_proposed', '173', '8.4'),
(368, 'acc', 'width_of_ug_tank_proposed', '173', '3'),
(369, 'acc', 'depth_of_ug_tank_proposed', '173', '2'),
(370, 'acc', 'length_of_oh_tank_proposed', '173', '6.915'),
(371, 'acc', 'width_of_oh_tank_proposed', '173', '3.4'),
(372, 'acc', 'height_of_oh_tank_proposed', '173', '2'),
(373, 'acc', 'distance_of_ug_tank_from_supply_line', '173', '20'),
(374, 'acc', 'upload_detailed_location_plan', '173', 'https://singlewindowsystemkdmc.in/water_noc_app/uploads/files/v281o3fnscz56ej.pdf'),
(375, 'acc', 'upload_complete_building_layout_plan', '173', 'https://singlewindowsystemkdmc.in/water_noc_app/uploads/files/tg2_ranju60fb7x.pdf'),
(376, 'acc', 'upload_water_tank_plan', '173', 'https://singlewindowsystemkdmc.in/water_noc_app/uploads/files/6uotxlk4dcahp3r.pdf'),
(377, 'acc', 'upload_property_google_location_with_coordinates', '173', 'https://singlewindowsystemkdmc.in/water_noc_app/uploads/files/gqx4z9emna0o8rv.png'),
(378, 'acc', 'upload_full_potential_plan', '232', 'https://singlewindowsystemkdmc.in/water_noc_app/uploads/files/e37q2ng8iufsocm.pdf'),
(379, 'acc', 'property_address', '232', 'Singhania Bhavan, Shastri Nagar, Dombivli,\nMaharashtra 421202, India\n'),
(380, 'acc', 'landmark', '232', 'Singhania Bhavan, Shastri Nagar, Dombivli,\nMaharashtra 421202, India'),
(381, 'acc', 'are_all_connections_disconnected_on_site_from_main_line', '232', 'N/A'),
(382, 'acc', 'is_sewage_treatment_plant_proposed_for_the_proposal', '232', 'YES'),
(383, 'acc', 'proposed_quantity_of_residences', '232', '15000'),
(384, 'acc', 'proposed_quantity_of_shops', '232', '2800'),
(385, 'acc', 'proposed_quantity_of_offices', '232', '0'),
(386, 'acc', 'are_size_and_capcity_of_oh_and_ug_tank_proposed_sufficient', '232', 'YES'),
(387, 'acc', 'length_of_ug_tank_proposed', '232', '6.12'),
(388, 'acc', 'width_of_ug_tank_proposed', '232', '2.01'),
(389, 'acc', 'depth_of_ug_tank_proposed', '232', '2'),
(390, 'acc', 'length_of_oh_tank_proposed', '232', '7.70'),
(391, 'acc', 'width_of_oh_tank_proposed', '232', '2.45'),
(392, 'acc', 'height_of_oh_tank_proposed', '232', '2'),
(393, 'acc', 'distance_of_ug_tank_from_supply_line', '232', '10'),
(394, 'acc', 'upload_detailed_location_plan', '232', 'https://singlewindowsystemkdmc.in/water_noc_app/uploads/files/j_v31k54yra8f2w.pdf'),
(395, 'acc', 'upload_complete_building_layout_plan', '232', 'https://singlewindowsystemkdmc.in/water_noc_app/uploads/files/rbw9oc5pfqu3dgz.pdf'),
(396, 'acc', 'upload_water_tank_plan', '232', 'https://singlewindowsystemkdmc.in/water_noc_app/uploads/files/cy_mbvw47qlpsia.pdf'),
(397, 'acc', 'upload_property_google_location_with_coordinates', '232', 'https://singlewindowsystemkdmc.in/water_noc_app/uploads/files/ijznmy1d4o8r3xb.pdf'),
(398, 'acc', 'upload_full_potential_plan', '177', 'https://singlewindowsystemkdmc.in/water_noc_app/uploads/files/dx6hcoj2w7zg4em.pdf'),
(399, 'acc', 'property_address', '177', 'S.NO: 67/1/2,67/1/3,68/6,68/7,68/8 VILLAGE-DAVDI, TALUKA-KALYAN, DIST-THANE\n'),
(400, 'acc', 'landmark', '177', 'Near Regency Anantam '),
(401, 'acc', 'are_all_connections_disconnected_on_site_from_main_line', '177', 'N/A'),
(402, 'acc', 'is_sewage_treatment_plant_proposed_for_the_proposal', '177', 'YES'),
(403, 'acc', 'proposed_quantity_of_residences', '177', '750000'),
(404, 'acc', 'proposed_quantity_of_shops', '177', '48500'),
(405, 'acc', 'proposed_quantity_of_offices', '177', '1500'),
(406, 'acc', 'are_size_and_capcity_of_oh_and_ug_tank_proposed_sufficient', '177', 'YES'),
(407, 'acc', 'length_of_ug_tank_proposed', '177', '20'),
(408, 'acc', 'width_of_ug_tank_proposed', '177', '12'),
(409, 'acc', 'depth_of_ug_tank_proposed', '177', '3.5'),
(410, 'acc', 'length_of_oh_tank_proposed', '177', '5.6'),
(411, 'acc', 'width_of_oh_tank_proposed', '177', '3.4'),
(412, 'acc', 'height_of_oh_tank_proposed', '177', '1.8'),
(413, 'acc', 'distance_of_ug_tank_from_supply_line', '177', '90'),
(414, 'acc', 'upload_detailed_location_plan', '177', 'https://singlewindowsystemkdmc.in/water_noc_app/uploads/files/9wnvajo7p_e38u0.pdf'),
(415, 'acc', 'upload_complete_building_layout_plan', '177', 'https://singlewindowsystemkdmc.in/water_noc_app/uploads/files/c6hwqs23my9labk.pdf'),
(416, 'acc', 'upload_water_tank_plan', '177', 'https://singlewindowsystemkdmc.in/water_noc_app/uploads/files/arp7tlvdxkhc1jg.pdf'),
(417, 'acc', 'upload_property_google_location_with_coordinates', '177', 'https://singlewindowsystemkdmc.in/water_noc_app/uploads/files/b9rei60pldsu83n.jpg'),
(418, 'acc', 'upload_full_potential_plan', '233', 'https://singlewindowsystemkdmc.in/water_noc_app/uploads/files/93zlgfd5bk_ixnc.pdf'),
(419, 'acc', 'property_address', '233', 'GAJABANDHAN PATHARLI JIJAI NAGAR, SANT NAMDEV PATH DOMBIVALI EAST'),
(420, 'acc', 'landmark', '233', 'SANT NAMDEV PATH'),
(421, 'acc', 'are_all_connections_disconnected_on_site_from_main_line', '233', 'N/A'),
(422, 'acc', 'is_sewage_treatment_plant_proposed_for_the_proposal', '233', 'YES'),
(423, 'acc', 'proposed_quantity_of_residences', '233', '32938'),
(424, 'acc', 'proposed_quantity_of_shops', '233', '0'),
(425, 'acc', 'proposed_quantity_of_offices', '233', '0'),
(426, 'acc', 'are_size_and_capcity_of_oh_and_ug_tank_proposed_sufficient', '233', 'YES'),
(427, 'acc', 'length_of_ug_tank_proposed', '233', '6'),
(428, 'acc', 'width_of_ug_tank_proposed', '233', '3.10'),
(429, 'acc', 'depth_of_ug_tank_proposed', '233', '2.30'),
(430, 'acc', 'length_of_oh_tank_proposed', '233', '5.70'),
(431, 'acc', 'width_of_oh_tank_proposed', '233', '2.40'),
(432, 'acc', 'height_of_oh_tank_proposed', '233', '2.70'),
(433, 'acc', 'distance_of_ug_tank_from_supply_line', '233', '3'),
(434, 'acc', 'upload_detailed_location_plan', '233', 'https://singlewindowsystemkdmc.in/water_noc_app/uploads/files/6sa2rit5_yn9bhq.pdf'),
(435, 'acc', 'upload_complete_building_layout_plan', '233', 'https://singlewindowsystemkdmc.in/water_noc_app/uploads/files/9m7_thlpxg5jwnk.pdf'),
(436, 'acc', 'upload_water_tank_plan', '233', 'https://singlewindowsystemkdmc.in/water_noc_app/uploads/files/lf0m8uzb_kv16to.pdf'),
(437, 'acc', 'upload_property_google_location_with_coordinates', '233', 'https://singlewindowsystemkdmc.in/water_noc_app/uploads/files/3x_yuvrwq96lonz.png'),
(438, 'acc', 'upload_full_potential_plan', '238', 'https://singlewindowsystemkdmc.in/water_noc_app/uploads/files/uyw2iczs907jgrk.pdf'),
(439, 'acc', 'house_no', '238', 'BUILDING NO 1 AND 2'),
(440, 'acc', 'property_address', '238', 'Sr.No.76(old sr.no.125),Hissa.No.5 & Sr.No.39(old sr.no.108),Hissa.No.3 , village -nilje , tal- kalyan , dist - thane.'),
(441, 'acc', 'landmark', '238', 'gurudwara, nilje '),
(442, 'acc', 'are_all_connections_disconnected_on_site_from_main_line', '238', 'N/A'),
(443, 'acc', 'is_sewage_treatment_plant_proposed_for_the_proposal', '238', 'YES'),
(444, 'acc', 'proposed_quantity_of_residences', '238', '724650'),
(445, 'acc', 'proposed_quantity_of_shops', '238', '810'),
(446, 'acc', 'proposed_quantity_of_offices', '238', '540'),
(447, 'acc', 'are_size_and_capcity_of_oh_and_ug_tank_proposed_sufficient', '238', 'YES'),
(448, 'acc', 'length_of_ug_tank_proposed', '238', '13'),
(449, 'acc', 'width_of_ug_tank_proposed', '238', '10'),
(450, 'acc', 'depth_of_ug_tank_proposed', '238', '1.80'),
(451, 'acc', 'length_of_oh_tank_proposed', '238', '9.5'),
(452, 'acc', 'width_of_oh_tank_proposed', '238', '8'),
(453, 'acc', 'height_of_oh_tank_proposed', '238', '1.50'),
(454, 'acc', 'distance_of_ug_tank_from_supply_line', '238', 'approx 25.00 '),
(455, 'acc', 'upload_detailed_location_plan', '238', 'https://singlewindowsystemkdmc.in/water_noc_app/uploads/files/ehdq3txf9ym1_ko.pdf'),
(456, 'acc', 'upload_complete_building_layout_plan', '238', 'https://singlewindowsystemkdmc.in/water_noc_app/uploads/files/kw096g3xucns25a.pdf'),
(457, 'acc', 'upload_water_tank_plan', '238', 'https://singlewindowsystemkdmc.in/water_noc_app/uploads/files/op5l83agifkwu7t.pdf'),
(458, 'acc', 'upload_property_google_location_with_coordinates', '238', 'https://singlewindowsystemkdmc.in/water_noc_app/uploads/files/ws40xep36_yv7hf.JPG'),
(459, 'acc', 'upload_full_potential_plan', '222', 'https://singlewindowsystemkdmc.in/water_noc_app/uploads/files/fx_yn27dwcgaikh.pdf'),
(460, 'acc', 'property_address', '222', 'S. No. 93, H. No. 6, Village Chikanghar, Tal. Kalyan, Dist. Thane'),
(461, 'acc', 'landmark', '222', 'Rambaug lane no.3'),
(462, 'acc', 'are_all_connections_disconnected_on_site_from_main_line', '222', 'N/A'),
(463, 'acc', 'is_sewage_treatment_plant_proposed_for_the_proposal', '222', 'NO'),
(464, 'acc', 'proposed_quantity_of_residences', '222', '16500'),
(465, 'acc', 'proposed_quantity_of_shops', '222', '00'),
(466, 'acc', 'proposed_quantity_of_offices', '222', '3800'),
(467, 'acc', 'are_size_and_capcity_of_oh_and_ug_tank_proposed_sufficient', '222', 'YES'),
(468, 'acc', 'length_of_ug_tank_proposed', '222', '5'),
(469, 'acc', 'width_of_ug_tank_proposed', '222', '3'),
(470, 'acc', 'depth_of_ug_tank_proposed', '222', '1.5'),
(471, 'acc', 'length_of_oh_tank_proposed', '222', '4.5'),
(472, 'acc', 'width_of_oh_tank_proposed', '222', '2.4'),
(473, 'acc', 'height_of_oh_tank_proposed', '222', '1.5'),
(474, 'acc', 'distance_of_ug_tank_from_supply_line', '222', '9'),
(475, 'acc', 'upload_detailed_location_plan', '222', 'https://singlewindowsystemkdmc.in/water_noc_app/uploads/files/_dxeriz8khj54vy.pdf'),
(476, 'acc', 'upload_complete_building_layout_plan', '222', 'https://singlewindowsystemkdmc.in/water_noc_app/uploads/files/ncr3og0pq24ks8e.pdf'),
(477, 'acc', 'upload_water_tank_plan', '222', 'https://singlewindowsystemkdmc.in/water_noc_app/uploads/files/68jmsigynwfauvo.pdf'),
(478, 'acc', 'upload_property_google_location_with_coordinates', '222', 'https://singlewindowsystemkdmc.in/water_noc_app/uploads/files/kwg0t2h941i3eov.pdf'),
(479, 'acc', 'upload_full_potential_plan', '230', 'https://singlewindowsystemkdmc.in/water_noc_app/uploads/files/bxoskjulmrzyv7e.pdf'),
(480, 'acc', 'house_no', '230', '-'),
(481, 'acc', 'property_address', '230', 'PROPOSED RESIDENTIAL DEVELOPMENT ON PLOT BEARING S. NO.26, H. NO. 2/1 AT VILLAGE BHAL, TAL. KALYAN .'),
(482, 'acc', 'landmark', '230', 'AR FITNESS CLUB GYM'),
(483, 'acc', 'are_all_connections_disconnected_on_site_from_main_line', '230', 'N/A'),
(484, 'acc', 'is_sewage_treatment_plant_proposed_for_the_proposal', '230', 'YES'),
(485, 'acc', 'proposed_quantity_of_residences', '230', '297180'),
(486, 'acc', 'proposed_quantity_of_shops', '230', '2000'),
(487, 'acc', 'proposed_quantity_of_offices', '230', '2000'),
(488, 'acc', 'are_size_and_capcity_of_oh_and_ug_tank_proposed_sufficient', '230', 'YES'),
(489, 'acc', 'length_of_ug_tank_proposed', '230', '16'),
(490, 'acc', 'width_of_ug_tank_proposed', '230', '5'),
(491, 'acc', 'depth_of_ug_tank_proposed', '230', '3'),
(492, 'acc', 'length_of_oh_tank_proposed', '230', '8'),
(493, 'acc', 'width_of_oh_tank_proposed', '230', '4'),
(494, 'acc', 'height_of_oh_tank_proposed', '230', '3'),
(495, 'acc', 'distance_of_ug_tank_from_supply_line', '230', '24'),
(496, 'acc', 'upload_detailed_location_plan', '230', 'https://singlewindowsystemkdmc.in/water_noc_app/uploads/files/g3x9zelipc_87jf.pdf'),
(497, 'acc', 'upload_complete_building_layout_plan', '230', 'https://singlewindowsystemkdmc.in/water_noc_app/uploads/files/wsfx1v5t8m7zyj4.pdf'),
(498, 'acc', 'upload_water_tank_plan', '230', 'https://singlewindowsystemkdmc.in/water_noc_app/uploads/files/axmnw65cd_ksu2l.pdf'),
(499, 'acc', 'upload_property_google_location_with_coordinates', '230', 'https://singlewindowsystemkdmc.in/water_noc_app/uploads/files/6p2cko1l9_7dqsf.jpg'),
(500, 'acc', 'upload_full_potential_plan', '241', 'https://singlewindowsystemkdmc.in/water_noc_app/uploads/files/wky5xbveczpi1an.pdf'),
(501, 'acc', 'property_address', '241', 'Om sadguru krupa chs, Santoshi matha road, Ram baugh Lane No.3, S. No. 93, H. No. 6, Village Chikanghar, Tal. Kalyan, Dist. Thane, 421301'),
(502, 'acc', 'landmark', '241', 'Santoshi matha road, Ram baugh Lane No.3'),
(503, 'acc', 'are_all_connections_disconnected_on_site_from_main_line', '241', 'N/A'),
(504, 'acc', 'is_sewage_treatment_plant_proposed_for_the_proposal', '241', 'NO'),
(505, 'acc', 'proposed_quantity_of_residences', '241', '13000'),
(506, 'acc', 'proposed_quantity_of_shops', '241', '00'),
(507, 'acc', 'proposed_quantity_of_offices', '241', '7400'),
(508, 'acc', 'are_size_and_capcity_of_oh_and_ug_tank_proposed_sufficient', '241', 'YES'),
(509, 'acc', 'length_of_ug_tank_proposed', '241', '4.65'),
(510, 'acc', 'width_of_ug_tank_proposed', '241', '2.75'),
(511, 'acc', 'depth_of_ug_tank_proposed', '241', '1.6'),
(512, 'acc', 'length_of_oh_tank_proposed', '241', '4.7'),
(513, 'acc', 'width_of_oh_tank_proposed', '241', '2.4'),
(514, 'acc', 'height_of_oh_tank_proposed', '241', '1.5'),
(515, 'acc', 'distance_of_ug_tank_from_supply_line', '241', '25'),
(516, 'acc', 'upload_detailed_location_plan', '241', 'https://singlewindowsystemkdmc.in/water_noc_app/uploads/files/6u59zoyw_xcjda4.pdf'),
(517, 'acc', 'upload_complete_building_layout_plan', '241', 'https://singlewindowsystemkdmc.in/water_noc_app/uploads/files/djlw8uro3qhc7_i.pdf'),
(518, 'acc', 'upload_water_tank_plan', '241', 'https://singlewindowsystemkdmc.in/water_noc_app/uploads/files/z2w3_ksx6y1i8ej.pdf'),
(519, 'acc', 'upload_property_google_location_with_coordinates', '241', 'https://singlewindowsystemkdmc.in/water_noc_app/uploads/files/3e9cnlpui0k8o2r.pdf'),
(520, 'acc', 'upload_full_potential_plan', '245', 'https://singlewindowsystemkdmc.in/water_noc_app/uploads/files/514i9s7j0ftpr_z.pdf'),
(521, 'acc', 'property_address', '245', '\nS. No. 93, H. No. 6, Village Chikanghar, Tal. Kalyan, Dist. Thane\nOm Sadguru krupa chs, rambaug lane no. 3, santoshi matha road\n'),
(522, 'acc', 'landmark', '245', 'Rambaug lane no. 3, '),
(523, 'acc', 'are_all_connections_disconnected_on_site_from_main_line', '245', 'N/A'),
(524, 'acc', 'is_sewage_treatment_plant_proposed_for_the_proposal', '245', 'NO'),
(525, 'acc', 'proposed_quantity_of_residences', '245', '16500'),
(526, 'acc', 'proposed_quantity_of_shops', '245', '00'),
(527, 'acc', 'proposed_quantity_of_offices', '245', '3960'),
(528, 'acc', 'are_size_and_capcity_of_oh_and_ug_tank_proposed_sufficient', '245', 'YES'),
(529, 'acc', 'length_of_ug_tank_proposed', '245', '4.65'),
(530, 'acc', 'width_of_ug_tank_proposed', '245', '2.75'),
(531, 'acc', 'depth_of_ug_tank_proposed', '245', '1.59'),
(532, 'acc', 'length_of_oh_tank_proposed', '245', '4.65'),
(533, 'acc', 'width_of_oh_tank_proposed', '245', '2.4'),
(534, 'acc', 'height_of_oh_tank_proposed', '245', '1.5'),
(535, 'acc', 'distance_of_ug_tank_from_supply_line', '245', '20'),
(536, 'acc', 'upload_detailed_location_plan', '245', 'https://singlewindowsystemkdmc.in/water_noc_app/uploads/files/q0bwlk1edcup29_.pdf'),
(537, 'acc', 'upload_complete_building_layout_plan', '245', 'https://singlewindowsystemkdmc.in/water_noc_app/uploads/files/rt85gd_jnf1b6ue.pdf'),
(538, 'acc', 'upload_water_tank_plan', '245', 'https://singlewindowsystemkdmc.in/water_noc_app/uploads/files/f5hl8b9okx0qn4w.pdf'),
(539, 'acc', 'upload_property_google_location_with_coordinates', '245', 'https://singlewindowsystemkdmc.in/water_noc_app/uploads/files/swka6hiymvg8ond.pdf'),
(540, 'acc', 'upload_full_potential_plan', '236', 'https://singlewindowsystemkdmc.in/water_noc_app/uploads/files/xf_y59gb2lti0q4.pdf'),
(541, 'acc', 'property_address', '236', 'SRNO 12/3B,AYODYA NAGARI ROAD, K.D AGRAWAL HALL LANE, MANPADA ROAD DOMBIVLI (E)-421301'),
(542, 'acc', 'landmark', '236', ' K.D AGRAWAL HALL'),
(543, 'acc', 'are_all_connections_disconnected_on_site_from_main_line', '236', 'N/A'),
(544, 'acc', 'is_sewage_treatment_plant_proposed_for_the_proposal', '236', 'NO'),
(545, 'acc', 'proposed_quantity_of_residences', '236', '18900'),
(546, 'acc', 'proposed_quantity_of_shops', '236', '270'),
(547, 'acc', 'proposed_quantity_of_offices', '236', '0'),
(548, 'acc', 'are_size_and_capcity_of_oh_and_ug_tank_proposed_sufficient', '236', 'YES'),
(549, 'acc', 'length_of_ug_tank_proposed', '236', '8.5'),
(550, 'acc', 'width_of_ug_tank_proposed', '236', '3'),
(551, 'acc', 'depth_of_ug_tank_proposed', '236', '3'),
(552, 'acc', 'length_of_oh_tank_proposed', '236', '6.45'),
(553, 'acc', 'width_of_oh_tank_proposed', '236', '2.7'),
(554, 'acc', 'height_of_oh_tank_proposed', '236', '1.5'),
(555, 'acc', 'distance_of_ug_tank_from_supply_line', '236', '8.76'),
(556, 'acc', 'upload_detailed_location_plan', '236', 'https://singlewindowsystemkdmc.in/water_noc_app/uploads/files/s1yr2p0hcanu6v7.pdf'),
(557, 'acc', 'upload_complete_building_layout_plan', '236', 'https://singlewindowsystemkdmc.in/water_noc_app/uploads/files/z07m6iodk9x4a_2.pdf'),
(558, 'acc', 'upload_water_tank_plan', '236', 'https://singlewindowsystemkdmc.in/water_noc_app/uploads/files/gn7csomlq9tw503.pdf'),
(559, 'acc', 'upload_property_google_location_with_coordinates', '236', 'https://singlewindowsystemkdmc.in/water_noc_app/uploads/files/qo_e7w3xdhr02as.jpg'),
(560, 'acc', 'upload_full_potential_plan', '224', 'https://singlewindowsystemkdmc.in/water_noc_app/uploads/files/yei7pz6283snc9b.pdf'),
(561, 'acc', 'property_address', '224', 'S.NO.45, H.NO.1,2,6(P) AT VILLAGE : NANDIVALI TARFE PACHANAD '),
(562, 'acc', 'landmark', '224', 'SWAMI SAMARTH MATH, NANDIVALI'),
(563, 'acc', 'are_all_connections_disconnected_on_site_from_main_line', '224', 'N/A'),
(564, 'acc', 'is_sewage_treatment_plant_proposed_for_the_proposal', '224', 'YES'),
(565, 'acc', 'proposed_quantity_of_residences', '224', '252600.00'),
(566, 'acc', 'proposed_quantity_of_shops', '224', '1620.00'),
(567, 'acc', 'proposed_quantity_of_offices', '224', '00.00'),
(568, 'acc', 'are_size_and_capcity_of_oh_and_ug_tank_proposed_sufficient', '224', 'YES'),
(569, 'acc', 'length_of_ug_tank_proposed', '224', '17.80'),
(570, 'acc', 'width_of_ug_tank_proposed', '224', '5.00'),
(571, 'acc', 'depth_of_ug_tank_proposed', '224', '3.00'),
(572, 'acc', 'length_of_oh_tank_proposed', '224', '10.10'),
(573, 'acc', 'width_of_oh_tank_proposed', '224', '4.00'),
(574, 'acc', 'height_of_oh_tank_proposed', '224', '2.00'),
(575, 'acc', 'distance_of_ug_tank_from_supply_line', '224', '38.50'),
(576, 'acc', 'upload_detailed_location_plan', '224', 'https://singlewindowsystemkdmc.in/water_noc_app/uploads/files/l3d8u9x4g7ya2ch.pdf'),
(577, 'acc', 'upload_complete_building_layout_plan', '224', 'https://singlewindowsystemkdmc.in/water_noc_app/uploads/files/wztyq5j_3hdr89x.pdf'),
(578, 'acc', 'upload_water_tank_plan', '224', 'https://singlewindowsystemkdmc.in/water_noc_app/uploads/files/u1mcejg2o8vtsq9.pdf'),
(579, 'acc', 'upload_property_google_location_with_coordinates', '224', 'https://singlewindowsystemkdmc.in/water_noc_app/uploads/files/h0i49fpgroy7djm.pdf'),
(580, 'acc', 'upload_full_potential_plan', '244', 'https://singlewindowsystemkdmc.in/water_noc_app/uploads/files/k0d9zqjun8_hw62.pdf'),
(581, 'acc', 'property_address', '244', 'Gavache Nav : Nandivali Tarap Pachananda (Kalyan-Dombivli MahanagarPalika)'),
(582, 'acc', 'landmark', '244', ' Nandivali Tarap Pachananda'),
(583, 'acc', 'are_all_connections_disconnected_on_site_from_main_line', '244', 'N/A'),
(584, 'acc', 'is_sewage_treatment_plant_proposed_for_the_proposal', '244', 'YES'),
(585, 'acc', 'proposed_quantity_of_residences', '244', '72900'),
(586, 'acc', 'proposed_quantity_of_shops', '244', '0'),
(587, 'acc', 'proposed_quantity_of_offices', '244', '0'),
(588, 'acc', 'are_size_and_capcity_of_oh_and_ug_tank_proposed_sufficient', '244', 'YES'),
(589, 'acc', 'length_of_ug_tank_proposed', '244', '6.4'),
(590, 'acc', 'width_of_ug_tank_proposed', '244', '4.5'),
(591, 'acc', 'depth_of_ug_tank_proposed', '244', '3.0'),
(592, 'acc', 'length_of_oh_tank_proposed', '244', '7.2'),
(593, 'acc', 'width_of_oh_tank_proposed', '244', '3'),
(594, 'acc', 'height_of_oh_tank_proposed', '244', '2'),
(595, 'acc', 'distance_of_ug_tank_from_supply_line', '244', '50'),
(596, 'acc', 'upload_detailed_location_plan', '244', 'https://singlewindowsystemkdmc.in/water_noc_app/uploads/files/ezls54aotf8mbgk.pdf'),
(597, 'acc', 'upload_complete_building_layout_plan', '244', 'https://singlewindowsystemkdmc.in/water_noc_app/uploads/files/rno_d1czw9apiby.pdf'),
(598, 'acc', 'upload_water_tank_plan', '244', 'https://singlewindowsystemkdmc.in/water_noc_app/uploads/files/5724m3kqfzbuiyd.pdf'),
(599, 'acc', 'upload_property_google_location_with_coordinates', '244', 'https://singlewindowsystemkdmc.in/water_noc_app/uploads/files/eu7msw6fdv2cbhl.jpeg'),
(600, 'acc', 'upload_full_potential_plan', '227', ''),
(601, 'acc', 'house_no', '227', '1'),
(602, 'acc', 'property_address', '227', 'BAZARPETH POLICE STATION,NEAR KOKAN MERCANTILE BANK,DOODH NAKA,KALYAN WEST,THANE MAHARASHTRA'),
(603, 'acc', 'landmark', '227', 'KOKAN MERCANTILE BANK'),
(604, 'acc', 'are_all_connections_disconnected_on_site_from_main_line', '227', 'N/A'),
(605, 'acc', 'is_sewage_treatment_plant_proposed_for_the_proposal', '227', 'NO'),
(606, 'acc', 'proposed_quantity_of_residences', '227', ''),
(607, 'acc', 'proposed_quantity_of_shops', '227', '0'),
(608, 'acc', 'proposed_quantity_of_offices', '227', '0'),
(609, 'acc', 'are_size_and_capcity_of_oh_and_ug_tank_proposed_sufficient', '227', 'YES'),
(610, 'acc', 'length_of_ug_tank_proposed', '227', '7.0'),
(611, 'acc', 'width_of_ug_tank_proposed', '227', '2.740'),
(612, 'acc', 'depth_of_ug_tank_proposed', '227', '2'),
(613, 'acc', 'length_of_oh_tank_proposed', '227', '5.830');
INSERT INTO `temp_data` (`id`, `tablename`, `field`, `user_id`, `value`) VALUES
(614, 'acc', 'width_of_oh_tank_proposed', '227', '3.0'),
(615, 'acc', 'height_of_oh_tank_proposed', '227', '1.5'),
(616, 'acc', 'distance_of_ug_tank_from_supply_line', '227', ''),
(617, 'acc', 'upload_detailed_location_plan', '227', 'https://singlewindowsystemkdmc.in/water_noc_app/uploads/files/fa1zic93xmb6wne.pdf'),
(618, 'acc', 'upload_complete_building_layout_plan', '227', 'https://singlewindowsystemkdmc.in/water_noc_app/uploads/files/oly_swc2j87bvtg.pdf'),
(619, 'acc', 'upload_water_tank_plan', '227', ''),
(620, 'acc', 'upload_property_google_location_with_coordinates', '227', ''),
(621, 'acc', 'upload_full_potential_plan', '212', 'https://singlewindowsystemkdmc.in/water_noc_app/uploads/files/kgbmaojxhwry7_i.pdf'),
(622, 'acc', 'property_address', '212', 'S.NO.41 H.NO-1/3/2  AT.VILLAGE - ADIVALI- DHOKLI, TAL.-AMBARNATH ,  DIST. THANE'),
(623, 'acc', 'landmark', '212', 'ADIVALI- DHOKLI'),
(624, 'acc', 'are_all_connections_disconnected_on_site_from_main_line', '212', 'N/A'),
(625, 'acc', 'is_sewage_treatment_plant_proposed_for_the_proposal', '212', 'YES'),
(626, 'acc', 'proposed_quantity_of_residences', '212', '138375'),
(627, 'acc', 'proposed_quantity_of_shops', '212', '0'),
(628, 'acc', 'proposed_quantity_of_offices', '212', '0'),
(629, 'acc', 'are_size_and_capcity_of_oh_and_ug_tank_proposed_sufficient', '212', 'YES'),
(630, 'acc', 'length_of_ug_tank_proposed', '212', '2.78'),
(631, 'acc', 'width_of_ug_tank_proposed', '212', '6'),
(632, 'acc', 'depth_of_ug_tank_proposed', '212', '3'),
(633, 'acc', 'length_of_oh_tank_proposed', '212', '4.65'),
(634, 'acc', 'width_of_oh_tank_proposed', '212', '7.05'),
(635, 'acc', 'height_of_oh_tank_proposed', '212', '2.15'),
(636, 'acc', 'distance_of_ug_tank_from_supply_line', '212', '15'),
(637, 'acc', 'upload_detailed_location_plan', '212', 'https://singlewindowsystemkdmc.in/water_noc_app/uploads/files/9vi5p3qmag4fw27.pdf'),
(638, 'acc', 'upload_complete_building_layout_plan', '212', 'https://singlewindowsystemkdmc.in/water_noc_app/uploads/files/xj9sae6dwtro318.pdf'),
(639, 'acc', 'upload_water_tank_plan', '212', 'https://singlewindowsystemkdmc.in/water_noc_app/uploads/files/eawcmi1v4s5ly_n.pdf'),
(640, 'acc', 'upload_property_google_location_with_coordinates', '212', 'https://singlewindowsystemkdmc.in/water_noc_app/uploads/files/q_4lofiasmb287r.jpeg'),
(641, 'acc', 'upload_full_potential_plan', '252', 'https://singlewindowsystemkdmc.in/water_noc_app/uploads/files/qsk9cd31ntlwxoy.pdf'),
(642, 'acc', 'property_address', '252', 'SITARAM CHHAYA, R.P. ROAD, NEAR CHAR RASTA, DOMBIVLI EAST 421201'),
(643, 'acc', 'landmark', '252', 'NEAR CHAR RASTA'),
(644, 'acc', 'are_all_connections_disconnected_on_site_from_main_line', '252', 'N/A'),
(645, 'acc', 'is_sewage_treatment_plant_proposed_for_the_proposal', '252', 'NO'),
(646, 'acc', 'proposed_quantity_of_residences', '252', '45000'),
(647, 'acc', 'proposed_quantity_of_shops', '252', '4000'),
(648, 'acc', 'proposed_quantity_of_offices', '252', '10000'),
(649, 'acc', 'are_size_and_capcity_of_oh_and_ug_tank_proposed_sufficient', '252', 'YES'),
(650, 'acc', 'length_of_ug_tank_proposed', '252', '5.10'),
(651, 'acc', 'width_of_ug_tank_proposed', '252', '5.50'),
(652, 'acc', 'depth_of_ug_tank_proposed', '252', '3.05'),
(653, 'acc', 'length_of_oh_tank_proposed', '252', '4.39'),
(654, 'acc', 'width_of_oh_tank_proposed', '252', '3.07'),
(655, 'acc', 'height_of_oh_tank_proposed', '252', '2.44'),
(656, 'acc', 'distance_of_ug_tank_from_supply_line', '252', '15'),
(657, 'acc', 'upload_detailed_location_plan', '252', 'https://singlewindowsystemkdmc.in/water_noc_app/uploads/files/9dtj7w621hsloxg.pdf'),
(658, 'acc', 'upload_complete_building_layout_plan', '252', 'https://singlewindowsystemkdmc.in/water_noc_app/uploads/files/gjlo3kn1f60a4sq.pdf'),
(659, 'acc', 'upload_water_tank_plan', '252', 'https://singlewindowsystemkdmc.in/water_noc_app/uploads/files/exdqits7va3f_h2.pdf'),
(660, 'acc', 'upload_property_google_location_with_coordinates', '252', 'https://singlewindowsystemkdmc.in/water_noc_app/uploads/files/gc_l49o8xyie5fh.pdf'),
(661, 'acc', 'upload_full_potential_plan', '231', 'https://singlewindowsystemkdmc.in/water_noc_app/uploads/files/e2snmt8xb4pclzo.pdf'),
(662, 'acc', 'property_address', '231', 'S.NO.- 208/8/C(OLD) ,S.NO.- 69/8/L(NEW) , CTS NO. 6758, VILLAGE- CHOLE, DOMBIVALI-(E), TAL- KALYAN, DIST- THANE. '),
(663, 'acc', 'landmark', '231', 'CHOLE, DOMBIVALI-(E)'),
(664, 'acc', 'are_all_connections_disconnected_on_site_from_main_line', '231', 'N/A'),
(665, 'acc', 'is_sewage_treatment_plant_proposed_for_the_proposal', '231', 'NO'),
(666, 'acc', 'proposed_quantity_of_residences', '231', '50000'),
(667, 'acc', 'proposed_quantity_of_shops', '231', '0'),
(668, 'acc', 'proposed_quantity_of_offices', '231', '0'),
(669, 'acc', 'are_size_and_capcity_of_oh_and_ug_tank_proposed_sufficient', '231', 'YES'),
(670, 'acc', 'length_of_ug_tank_proposed', '231', '9'),
(671, 'acc', 'width_of_ug_tank_proposed', '231', '3'),
(672, 'acc', 'depth_of_ug_tank_proposed', '231', '1.93'),
(673, 'acc', 'length_of_oh_tank_proposed', '231', '6.20'),
(674, 'acc', 'width_of_oh_tank_proposed', '231', '5.60'),
(675, 'acc', 'height_of_oh_tank_proposed', '231', '1.50'),
(676, 'acc', 'distance_of_ug_tank_from_supply_line', '231', '10'),
(677, 'acc', 'upload_detailed_location_plan', '231', 'https://singlewindowsystemkdmc.in/water_noc_app/uploads/files/4oe7j6_czvsyigm.pdf'),
(678, 'acc', 'upload_complete_building_layout_plan', '231', 'https://singlewindowsystemkdmc.in/water_noc_app/uploads/files/e2s64od3fvhwyjx.pdf'),
(679, 'acc', 'upload_water_tank_plan', '231', 'https://singlewindowsystemkdmc.in/water_noc_app/uploads/files/nzvc604ueqkfyrx.pdf'),
(680, 'acc', 'upload_property_google_location_with_coordinates', '231', 'https://singlewindowsystemkdmc.in/water_noc_app/uploads/files/6ai47wl1t0egk9z.png'),
(681, 'acc', 'upload_full_potential_plan', '235', 'https://singlewindowsystemkdmc.in/water_noc_app/uploads/files/vx5psha7z4y_2eo.pdf'),
(682, 'acc', 'property_address', '235', 'BUILDING ON PLOT BEARING- S.NO- 81, H.NO- 35, PLOT NO- 57, VILLAGE - G. B. PATHARLI, DOMBIVALI-(E), TAL- KALYAN, DIST- THANE.'),
(683, 'acc', 'landmark', '235', 'BUILDING ON PLOT BEARING- S.NO- 81, H.NO- 35, PLOT NO- 57, VILLAGE - G. B. PATHARLI, DOMBIVALI-(E), TAL- KALYAN, DIST- THANE.'),
(684, 'acc', 'are_all_connections_disconnected_on_site_from_main_line', '235', 'N/A'),
(685, 'acc', 'is_sewage_treatment_plant_proposed_for_the_proposal', '235', 'NO'),
(686, 'acc', 'proposed_quantity_of_residences', '235', '16000'),
(687, 'acc', 'proposed_quantity_of_shops', '235', '2000'),
(688, 'acc', 'proposed_quantity_of_offices', '235', '0'),
(689, 'acc', 'are_size_and_capcity_of_oh_and_ug_tank_proposed_sufficient', '235', 'YES'),
(690, 'acc', 'length_of_ug_tank_proposed', '235', '2.5'),
(691, 'acc', 'width_of_ug_tank_proposed', '235', '2.0'),
(692, 'acc', 'depth_of_ug_tank_proposed', '235', '2.0'),
(693, 'acc', 'length_of_oh_tank_proposed', '235', '3.5'),
(694, 'acc', 'width_of_oh_tank_proposed', '235', '4.8'),
(695, 'acc', 'height_of_oh_tank_proposed', '235', '2.0'),
(696, 'acc', 'distance_of_ug_tank_from_supply_line', '235', '10'),
(697, 'acc', 'upload_detailed_location_plan', '235', 'https://singlewindowsystemkdmc.in/water_noc_app/uploads/files/v8wtx4pkijg2q6h.pdf'),
(698, 'acc', 'upload_complete_building_layout_plan', '235', 'https://singlewindowsystemkdmc.in/water_noc_app/uploads/files/rv9pigz57s0_nmy.pdf'),
(699, 'acc', 'upload_water_tank_plan', '235', 'https://singlewindowsystemkdmc.in/water_noc_app/uploads/files/wx1tm239el4q06y.pdf'),
(700, 'acc', 'upload_property_google_location_with_coordinates', '235', 'https://singlewindowsystemkdmc.in/water_noc_app/uploads/files/0cm4zouxtrhgbl_.png'),
(701, 'acc', 'upload_full_potential_plan', '255', 'https://singlewindowsystemkdmc.in/water_noc_app/uploads/files/6afdmx10tjcu_iy.pdf'),
(702, 'acc', 'property_address', '255', 'Ghanshyam Gupte Road,  Mouje -Navagaon , Dombivli, Tal.kalyan'),
(703, 'acc', 'landmark', '255', 'Gaondevi Society Ground'),
(704, 'acc', 'are_all_connections_disconnected_on_site_from_main_line', '255', 'N/A'),
(705, 'acc', 'is_sewage_treatment_plant_proposed_for_the_proposal', '255', 'NO'),
(706, 'acc', 'proposed_quantity_of_residences', '255', '67'),
(707, 'acc', 'proposed_quantity_of_shops', '255', '44500'),
(708, 'acc', 'proposed_quantity_of_offices', '255', '270'),
(709, 'acc', 'are_size_and_capcity_of_oh_and_ug_tank_proposed_sufficient', '255', 'YES'),
(710, 'acc', 'length_of_ug_tank_proposed', '255', '6'),
(711, 'acc', 'width_of_ug_tank_proposed', '255', '5'),
(712, 'acc', 'depth_of_ug_tank_proposed', '255', '1.50'),
(713, 'acc', 'length_of_oh_tank_proposed', '255', '5'),
(714, 'acc', 'width_of_oh_tank_proposed', '255', '3'),
(715, 'acc', 'height_of_oh_tank_proposed', '255', '1.20'),
(716, 'acc', 'distance_of_ug_tank_from_supply_line', '255', 'approx  25.00 '),
(717, 'acc', 'upload_detailed_location_plan', '255', 'https://singlewindowsystemkdmc.in/water_noc_app/uploads/files/ldinpj6r7zvhxs3.pdf'),
(718, 'acc', 'upload_complete_building_layout_plan', '255', 'https://singlewindowsystemkdmc.in/water_noc_app/uploads/files/4po_60qztsmrxna.pdf'),
(719, 'acc', 'upload_water_tank_plan', '255', 'https://singlewindowsystemkdmc.in/water_noc_app/uploads/files/pmqw8c29az6usrf.pdf'),
(720, 'acc', 'upload_property_google_location_with_coordinates', '255', 'https://singlewindowsystemkdmc.in/water_noc_app/uploads/files/0bsjet9vfxzw86i.JPG'),
(721, 'acc', 'upload_full_potential_plan', '256', 'https://singlewindowsystemkdmc.in/water_noc_app/uploads/files/qblczun5e4xa1sd.pdf'),
(722, 'acc', 'property_address', '256', 'chatrapati shivaji maharaj road, at village sonarpada, dombivli (e.) taluka-kalyan ,dist -thane.'),
(723, 'acc', 'landmark', '256', 's.v.b. international school.'),
(724, 'acc', 'are_all_connections_disconnected_on_site_from_main_line', '256', 'N/A'),
(725, 'acc', 'is_sewage_treatment_plant_proposed_for_the_proposal', '256', 'NO'),
(726, 'acc', 'proposed_quantity_of_residences', '256', '33075'),
(727, 'acc', 'proposed_quantity_of_shops', '256', '270'),
(728, 'acc', 'proposed_quantity_of_offices', '256', '0'),
(729, 'acc', 'are_size_and_capcity_of_oh_and_ug_tank_proposed_sufficient', '256', 'YES'),
(730, 'acc', 'length_of_ug_tank_proposed', '256', '8'),
(731, 'acc', 'width_of_ug_tank_proposed', '256', '4'),
(732, 'acc', 'depth_of_ug_tank_proposed', '256', '1.8'),
(733, 'acc', 'length_of_oh_tank_proposed', '256', '6'),
(734, 'acc', 'width_of_oh_tank_proposed', '256', '3'),
(735, 'acc', 'height_of_oh_tank_proposed', '256', '1.2'),
(736, 'acc', 'distance_of_ug_tank_from_supply_line', '256', '20'),
(737, 'acc', 'upload_detailed_location_plan', '256', 'https://singlewindowsystemkdmc.in/water_noc_app/uploads/files/087j_semiayh3t5.pdf'),
(738, 'acc', 'upload_complete_building_layout_plan', '256', 'https://singlewindowsystemkdmc.in/water_noc_app/uploads/files/nz5cfp0rbgw31vq.pdf'),
(739, 'acc', 'upload_water_tank_plan', '256', 'https://singlewindowsystemkdmc.in/water_noc_app/uploads/files/2hlp6ua9j4icwxe.pdf'),
(740, 'acc', 'upload_property_google_location_with_coordinates', '256', 'https://singlewindowsystemkdmc.in/water_noc_app/uploads/files/0glfjpr_wz27a8i.JPG'),
(741, 'acc', 'upload_full_potential_plan', '253', 'https://singlewindowsystemkdmc.in/water_noc_app/uploads/files/muxglev5_72jt1h.pdf'),
(742, 'acc', 'property_address', '253', 'Rambaug  lane no 03 kalyan west'),
(743, 'acc', 'landmark', '253', 'Rambaug  lane'),
(744, 'acc', 'are_all_connections_disconnected_on_site_from_main_line', '253', 'N/A'),
(745, 'acc', 'is_sewage_treatment_plant_proposed_for_the_proposal', '253', 'NO'),
(746, 'acc', 'proposed_quantity_of_residences', '253', '25000'),
(747, 'acc', 'proposed_quantity_of_shops', '253', '0'),
(748, 'acc', 'proposed_quantity_of_offices', '253', '0'),
(749, 'acc', 'are_size_and_capcity_of_oh_and_ug_tank_proposed_sufficient', '253', 'YES'),
(750, 'acc', 'length_of_ug_tank_proposed', '253', '6.40'),
(751, 'acc', 'width_of_ug_tank_proposed', '253', '2.75'),
(752, 'acc', 'depth_of_ug_tank_proposed', '253', '2.60'),
(753, 'acc', 'length_of_oh_tank_proposed', '253', '4.50'),
(754, 'acc', 'width_of_oh_tank_proposed', '253', '2.75'),
(755, 'acc', 'height_of_oh_tank_proposed', '253', '2.12'),
(756, 'acc', 'distance_of_ug_tank_from_supply_line', '253', '10'),
(757, 'acc', 'upload_detailed_location_plan', '253', 'https://singlewindowsystemkdmc.in/water_noc_app/uploads/files/svborfk0dcz4ywe.pdf'),
(758, 'acc', 'upload_complete_building_layout_plan', '253', 'https://singlewindowsystemkdmc.in/water_noc_app/uploads/files/4qe0ofl6wd9nb87.pdf'),
(759, 'acc', 'upload_water_tank_plan', '253', 'https://singlewindowsystemkdmc.in/water_noc_app/uploads/files/cqd85uf201bm6ry.pdf'),
(760, 'acc', 'upload_property_google_location_with_coordinates', '253', 'https://singlewindowsystemkdmc.in/water_noc_app/uploads/files/xo5p04zfnmbya9k.jpeg'),
(761, 'acc', 'upload_full_potential_plan', '258', ''),
(762, 'acc', 'property_address', '258', ''),
(763, 'acc', 'landmark', '258', ''),
(764, 'acc', 'are_all_connections_disconnected_on_site_from_main_line', '258', 'N/A'),
(765, 'acc', 'is_sewage_treatment_plant_proposed_for_the_proposal', '258', ''),
(766, 'acc', 'proposed_quantity_of_residences', '258', ''),
(767, 'acc', 'proposed_quantity_of_shops', '258', ''),
(768, 'acc', 'proposed_quantity_of_offices', '258', ''),
(769, 'acc', 'are_size_and_capcity_of_oh_and_ug_tank_proposed_sufficient', '258', ''),
(770, 'acc', 'length_of_ug_tank_proposed', '258', ''),
(771, 'acc', 'width_of_ug_tank_proposed', '258', ''),
(772, 'acc', 'depth_of_ug_tank_proposed', '258', ''),
(773, 'acc', 'length_of_oh_tank_proposed', '258', ''),
(774, 'acc', 'width_of_oh_tank_proposed', '258', ''),
(775, 'acc', 'height_of_oh_tank_proposed', '258', ''),
(776, 'acc', 'distance_of_ug_tank_from_supply_line', '258', ''),
(777, 'acc', 'upload_detailed_location_plan', '258', ''),
(778, 'acc', 'upload_complete_building_layout_plan', '258', 'https://singlewindowsystemkdmc.in/water_noc_app/uploads/files/x9zsad6viec8hp_.pdf'),
(779, 'acc', 'upload_water_tank_plan', '258', 'https://singlewindowsystemkdmc.in/water_noc_app/uploads/files/g4jsvuo35hfm_x6.pdf'),
(780, 'acc', 'upload_property_google_location_with_coordinates', '258', ''),
(781, 'acc', 'upload_full_potential_plan', '247', 'https://singlewindowsystemkdmc.in/water_noc_app/uploads/files/x95j1rdsza48t6p.pdf'),
(782, 'acc', 'property_address', '247', 'CTS NO. 30,CTS NO.31 (PT.),CTS NO.32 & CTS NO.33  VILLAGE BARAVE ,TAL:KALYAN,  AT DIST.-THANE'),
(783, 'acc', 'landmark', '247', 'BARAVE '),
(784, 'acc', 'are_all_connections_disconnected_on_site_from_main_line', '247', 'N/A'),
(785, 'acc', 'is_sewage_treatment_plant_proposed_for_the_proposal', '247', 'YES'),
(786, 'acc', 'proposed_quantity_of_residences', '247', '325064'),
(787, 'acc', 'proposed_quantity_of_shops', '247', '19320'),
(788, 'acc', 'proposed_quantity_of_offices', '247', '0'),
(789, 'acc', 'are_size_and_capcity_of_oh_and_ug_tank_proposed_sufficient', '247', 'YES'),
(790, 'acc', 'length_of_ug_tank_proposed', '247', ''),
(791, 'acc', 'width_of_ug_tank_proposed', '247', ''),
(792, 'acc', 'depth_of_ug_tank_proposed', '247', ''),
(793, 'acc', 'length_of_oh_tank_proposed', '247', ''),
(794, 'acc', 'width_of_oh_tank_proposed', '247', ''),
(795, 'acc', 'height_of_oh_tank_proposed', '247', ''),
(796, 'acc', 'distance_of_ug_tank_from_supply_line', '247', '50'),
(797, 'acc', 'upload_detailed_location_plan', '247', 'https://singlewindowsystemkdmc.in/water_noc_app/uploads/files/cm1ukzxaljr96nf.pdf'),
(798, 'acc', 'upload_complete_building_layout_plan', '247', 'https://singlewindowsystemkdmc.in/water_noc_app/uploads/files/1m05oach_7yentj.pdf'),
(799, 'acc', 'upload_water_tank_plan', '247', 'https://singlewindowsystemkdmc.in/water_noc_app/uploads/files/ymdwl8egjtri3hk.pdf'),
(800, 'acc', 'upload_property_google_location_with_coordinates', '247', 'https://singlewindowsystemkdmc.in/water_noc_app/uploads/files/h8c2jrgfutka0_o.pdf');

-- --------------------------------------------------------

--
-- Table structure for table `user_info`
--

CREATE TABLE `user_info` (
  `id` int(11) NOT NULL,
  `username` varchar(255) NOT NULL,
  `password` varchar(255) DEFAULT NULL,
  `email` varchar(255) NOT NULL,
  `login_session_key` varchar(255) DEFAULT NULL,
  `email_status` varchar(255) DEFAULT NULL,
  `password_expire_date` datetime DEFAULT '2025-10-22 00:00:00',
  `password_reset_key` varchar(255) DEFAULT NULL,
  `user_role_id` int(11) NOT NULL,
  `ward` varchar(255) NOT NULL
) ENGINE=InnoDB DEFAULT CHARSET=utf8mb4;

--
-- Dumping data for table `user_info`
--

INSERT INTO `user_info` (`id`, `username`, `password`, `email`, `login_session_key`, `email_status`, `password_expire_date`, `password_reset_key`, `user_role_id`, `ward`) VALUES
(9, 'admin', '$2y$10$IXvCrOcsPqSKvXr.Q5yoGOOqdBLSdLFljHosxr3vr3Gs3TU/XgDmu', 'admin@gmail.com', NULL, NULL, '2025-10-22 00:00:00', NULL, 1, ''),
(37, 'superadmin', '$2y$10$IXvCrOcsPqSKvXr.Q5yoGOOqdBLSdLFljHosxr3vr3Gs3TU/XgDmu', 'superadmin@gmail.com', NULL, NULL, '2025-10-22 00:00:00', NULL, 7, ''),
(52, 'AEWSAWD', '$2y$10$OtEjd.rnBHz0QmjxajzzMOInQNP1WbXoAQwDuiAnU4XM4x.87Jvgq', '', '696eac694c0d109157f40143ea649196', NULL, '2025-10-22 00:00:00', NULL, 4, 'A'),
(53, 'DEWSAWD', '$2y$10$FDltgPNfLzLWKGMkV8/2FuICCVYmGZzforuUfiU5yF2FkmBIxFlUS', '', 'd0dc21d45e2d5d25cb58e4d0cea1061d', NULL, '2025-10-22 00:00:00', NULL, 3, 'A'),
(54, 'EEWSKLN', '$2y$10$LEJV2qSvbqmhWfZxnVHpHuub4AyyVufge8mDcRVpOWXQt8DIlKUiy', '', '194fb8e636e82984cf2560855616efc4', NULL, '2025-10-22 00:00:00', NULL, 5, 'A,B,C,D,J'),
(55, 'EEWSDOM', '$2y$10$C4x0tAMg/CtlFy1XO5wcGu2Pho.Bej7u56Ic4RRwjboPrtmxb4qRG', '', '7a5592810a436866105b840e55a6c3b8', NULL, '2025-10-22 00:00:00', NULL, 5, 'E,F,G,H,I'),
(56, 'AEWSBWD', '$2y$10$OHWt4KMSyyo1kCpralFtiuxODj/TKZqyMD58okPnjVX4FtxYwCGee', '', 'b83e8071bb55ffa1807aac27bf106433', NULL, '2025-10-22 00:00:00', NULL, 4, 'B'),
(57, 'DEWSBWD', '$2y$10$84QJ8k4YnagJ.NdFSV1KweMP9k.lwX..iNby1r2rZdc/GnCi5hbQy', '', '33980648ba4593027bff414f4d23760f', NULL, '2025-10-22 00:00:00', NULL, 3, 'B'),
(58, 'AEWSCWD', '$2y$10$HYTNXHtShCmIKbaMuDXwQuw5oTFyN67sx7kvicWq8S5ieN5e78OZy', '', '09e6497e378b46df16854385abb28c4c', NULL, '2025-10-22 00:00:00', NULL, 4, 'C'),
(59, 'DEWSCWD', '$2y$10$SqcNT6t8ERpJrsovYrHOrOcAH8aH1obEaEC.5FlC3zzmnbl8CEnUm', '', NULL, NULL, '2025-10-22 00:00:00', NULL, 3, 'C'),
(60, 'AEWSDWD', '$2y$10$LlnVuzww8meB7LI6WBwWmupd0MY/QGMGQiIVIaYjb9S1k.VKIq4Ty', '', NULL, NULL, '2025-10-22 00:00:00', NULL, 4, 'D'),
(61, 'DEWSDWD', '$2y$10$PevMVzr50hw8FX5SG0imO.5AS8mJdd3hXcKFMtMpJf3qnICHNGpfK', '', NULL, NULL, '2025-10-22 00:00:00', NULL, 3, 'D'),
(62, 'AEWSEWD', '$2y$10$lbSarH7g4szhsdWGDnOECOh2JWB6cv5pc9vZMmUL8gcsgUjvAivX6', '', 'bbbdfda329c115464cf2d279644a9777', NULL, '2025-10-22 00:00:00', NULL, 4, 'E'),
(63, 'DEWSEWD', '$2y$10$IA96y0MPbo5I..v5E8IIBuAY0S4mJ20LhHNaNQEagxoAQ/wJA.tOu', '', NULL, NULL, '2025-10-22 00:00:00', NULL, 3, 'E'),
(64, 'AEWSFWD', '$2y$10$7j.nRyxm9DAHa7NPnDtJCOS0eez2bgFcbnroid/gujsZdKoRp8LQu', '', 'c20804c3e7f5f2518a1bcac12c9aab2a', NULL, '2025-10-22 00:00:00', NULL, 4, 'F'),
(65, 'DEWSFWD', '$2y$10$zoyajBnic2wG1HmJKfE66.IsERZ48UhLD/vi9ALtNUxNg8Wb8TO6i', '', NULL, NULL, '2025-10-22 00:00:00', NULL, 3, 'F'),
(66, 'AEWSGWD', '$2y$10$6rX2lpnrSMWRGOeL4CBrdeq4thGRnOU4O8TXqnN5H31m7FbQ1PF2S', '', 'e66a54755e0c36db2bbf8e3023c4433a', NULL, '2025-10-22 00:00:00', NULL, 4, 'G'),
(67, 'DEWSGWD', '$2y$10$il1UGR6RJJSgxIML3fPrSO4swp/q6Zk.JtJjj1gMi1E4WW.3VpL7i', '', NULL, NULL, '2025-10-22 00:00:00', NULL, 3, 'G'),
(68, 'AEWSHWD', '$2y$10$2y15SVHpoDL7F4UbDHwz9uanFEosMSN3LU1ShI2icS/Jz6j7xDgiq', '', NULL, NULL, '2025-10-22 00:00:00', NULL, 4, 'H'),
(69, 'DEWSHWD', '$2y$10$nFPktQKlKEoKD8U2Fft5Wuht5hbipD0Ws/vYg/yMuxrFo37qLamlm', '', NULL, NULL, '2025-10-22 00:00:00', NULL, 3, 'H'),
(70, 'AEWSIWD', '$2y$10$He5pj/WUsDWZUsrMa40Mqexizonh8F7EFGP1arbhGRjrs5Yk.Thxe', '', NULL, NULL, '2025-10-22 00:00:00', NULL, 4, 'I'),
(71, 'DEWSIWD', '$2y$10$/x3ABMjLGFhjeB5taXnl1O7LYlXmrKmUdReWGu1bGXyVRBAS9h3bG', '', NULL, NULL, '2025-10-22 00:00:00', NULL, 3, 'I'),
(72, 'AEWSJWD', '$2y$10$kOvxt04mb4UQNX51tUtvkOqim68Wv/6Tkm28td5wBiEStjJb.P4YO', '', NULL, NULL, '2025-10-22 00:00:00', NULL, 4, 'J'),
(73, 'DEWSJWD', '$2y$10$Yeev0DYUe/n6nnwW4VLQ5uJ6pC/braA6HGliL1msTo9vU4XQkCzKy', '', NULL, NULL, '2025-10-22 00:00:00', NULL, 3, 'J'),
(74, 'KDMCC-25-121047_515740', 'xyz_auto', 'emergearchitect@gmail.com', '74d79c976e1ad63a5c1c362d3abffa64', NULL, '2025-10-22 00:00:00', NULL, 2, ''),
(75, 'KDMCC-25-130802_526570', 'xyz_auto', 'aj@jalalarchitects.com', '54b8511ef6386caf63e10a09052cea11', NULL, '2025-10-22 00:00:00', NULL, 2, ''),
(76, 'KDMCC-25-26552_413569', 'xyz_auto', 'ar.nv.office@gmail.com', '43c2de943c8c7481a5fcca30d6aad657', NULL, '2025-10-22 00:00:00', NULL, 2, ''),
(77, 'KDMCC-25-ENTRY-122216_517026', 'xyz_auto', 'vijaypandeyandassociates@gmail.com', '5773afd93193c53d31e598aaf141a66d', NULL, '2025-10-22 00:00:00', NULL, 2, ''),
(78, 'KDMCC-25-129403_525013', 'xyz_auto', 'deconcon009@gmail.com', '8febd727093edcc7238249195321a802', NULL, '2025-10-22 00:00:00', NULL, 2, ''),
(79, 'KDMCC-25-ENTRY-92934_485108', 'xyz_auto', 'deconcon009@gmail.com', '53efcbe938fe38bd21eeade98417fc20', NULL, '2025-10-22 00:00:00', NULL, 2, ''),
(80, 'KDMCC-25-132392_528308', 'xyz_auto', 'emergearchitect@gmail.com', '0e487c4123d03347f7d5caff705fe34d', NULL, '2025-10-22 00:00:00', NULL, 2, ''),
(81, 'KDMCC-25-87444_479168', 'xyz_auto', 'anilnirgude99@gmail.com', 'e5cf2e3decb408fc27e85e5ff122b43b', NULL, '2025-10-22 00:00:00', NULL, 2, ''),
(82, 'KDMCC-25-132772_528727', 'xyz_auto', 'shraddha91188@gmail.com', '7b8ee633a82a2358c9efec86d5e6dbdf', NULL, '2025-10-22 00:00:00', NULL, 2, ''),
(83, 'KDMCC-25-118781_513268', 'xyz_auto', 'sthapathyanirmaan@gmail.com', 'a0ccdedd540623c0cdfe36129974f149', NULL, '2025-10-22 00:00:00', NULL, 2, ''),
(84, 'KDMCC-25-ENTRY-129478_525100', 'xyz_auto', 'rkassociates0805@gmail.com', 'd83bd55f35e475e59546c3f597e0b438', NULL, '2025-10-22 00:00:00', NULL, 2, ''),
(85, 'KDMCC-25-ENTRY-131725_527577', 'xyz_auto', 'vijaypandeyandassociates@gmail.com', '7a48703128900c899d2cf8736ccc043a', NULL, '2025-10-22 00:00:00', NULL, 2, ''),
(86, 'KDMCC-25-ENTRY-60045_449508', 'xyz_auto', 'deconcon009@gmail.com', 'aa2ed60ed7cfb473f8bbd0fe23806461', NULL, '2025-10-22 00:00:00', NULL, 2, ''),
(87, 'KDMCC-25-126511_521824', 'xyz_auto', 'shirish_nachane@rediffmail.com', '386d25db46dbf2b251d91dedeaf45e6e', NULL, '2025-10-22 00:00:00', NULL, 2, ''),
(88, 'KDMCC-25-ENTRY-119582_514156', 'xyz_auto', 'aj@jalalarchitects.com', 'd41e8a3115fdbd62a28466c13088d3a2', NULL, '2025-10-22 00:00:00', NULL, 2, ''),
(89, 'KDMCC-25-132617_528556', 'xyz_auto', 'nehanakwe23@gmail.com', '1fad61ea659caac8851bcfd05f3a4f4a', NULL, '2025-10-22 00:00:00', NULL, 2, ''),
(90, 'KDMCC-25-118937_513440', 'xyz_auto', 'aj@jalalarchitects.com', 'aa9d0eb8e989313f4f498ec25b9e98c2', NULL, '2025-10-22 00:00:00', NULL, 2, ''),
(91, 'KDMCC-25-133119_529123', 'xyz_auto', 'tejasnirgude@gmail.com', '06660d85647c7b615a124b280223bb80', NULL, '2025-10-22 00:00:00', NULL, 2, ''),
(92, 'KDMCC-25-129210_524800', 'xyz_auto', 'vijaypandeyandassociates@gmail.com', '794bb8ee0db2fae577af59d9f0b37349', NULL, '2025-10-22 00:00:00', NULL, 2, ''),
(93, 'KDMCC-25-ENTRY-136924_533305', 'xyz_auto', 'rkassociates0805@gmail.com', '4e3779dc9ca95e8825a34f41ab4402e6', NULL, '2025-10-22 00:00:00', NULL, 2, ''),
(94, 'KDMCC-25-78731_469716', 'xyz_auto', 'anilnirgude99@gmail.com', 'c463ccad029786cc6bef06184440a77e', NULL, '2025-10-22 00:00:00', NULL, 2, ''),
(95, 'KDMCC-25-123703_518654', 'xyz_auto', 'kiranterse0306@gmail.com', 'f57e20174806fb0869a56d116c6f6cf4', NULL, '2025-10-22 00:00:00', NULL, 2, ''),
(96, 'KDMCC-25-ENTRY-137675_534171', 'xyz_auto', 'boradenikhil36@gmail.com', '1749780de007019e5ee0b755f4549ab5', NULL, '2025-10-22 00:00:00', NULL, 2, ''),
(97, 'KDMCC-25-ENTRY-134997_531198', 'xyz_auto', 'tejasnirgude@gmail.com', 'cdcf068db293c44dce8af3baade160fe', NULL, '2025-10-22 00:00:00', NULL, 2, ''),
(98, 'KDMCC-25-ENTRY-136637_532996', 'xyz_auto', 'vijaypandeyandassociates@gmail.com', 'e484f353b1c53883f0b102519fe09ad2', NULL, '2025-10-22 00:00:00', NULL, 2, ''),
(99, 'KDMCC-25-133184_529194', 'xyz_auto', 'tejasnirgude@gmail.com', '2aebaa90a18fb73cf8b8fc229191040b', NULL, '2025-10-22 00:00:00', NULL, 2, ''),
(100, 'KDMCC-25-ENTRY-133710_529779', 'xyz_auto', 'shirish_nachane@rediffmail.com', 'd3d96fe85db4fd273c3feaa620dbb4be', NULL, '2025-10-22 00:00:00', NULL, 2, ''),
(101, 'KDMCC-25-ENTRY-112959_506859', 'xyz_auto', 'arsandeep21@gmail.com', '879593747fd0d9eec2081b2b230b9c22', NULL, '2025-10-22 00:00:00', NULL, 2, ''),
(102, 'KDMCC-25-138599_535204', 'xyz_auto', 'boradenikhil36@gmail.com', '5ea5a1a46884c78299de5e97516bacde', NULL, '2025-10-22 00:00:00', NULL, 2, ''),
(103, 'KDMCC-25-139421_536112', 'xyz_auto', 'tejasnirgude@gmail.com', '221a4f30049bf31a27236ffdd51a8de3', NULL, '2025-10-22 00:00:00', NULL, 2, ''),
(104, 'KDMCC-25-ENTRY-136203_532533', 'xyz_auto', 'tejasnirgude@gmail.com', 'bb15a3f4eee384b2029f4c8ed2cd109c', NULL, '2025-10-22 00:00:00', NULL, 2, ''),
(105, 'KDMCC-25-ENTRY-135306_531541', 'xyz_auto', 'rajanmodak1955@gmail.com', '498c23704de918e4c10eb3e792636275', NULL, '2025-10-22 00:00:00', NULL, 2, ''),
(106, 'KDMCC-25-ENTRY-104630_497748', 'xyz_auto', 'archuday.satavalekar@gmail.com', '18f1249c6fb601b12ffe9b8c3b4205c9', NULL, '2025-10-22 00:00:00', NULL, 2, ''),
(107, 'KDMCC-25-137063_533463', 'xyz_auto', 'emergearchitect@gmail.com', 'ed752ebdc03667151c4c945c2d968a4d', NULL, '2025-10-22 00:00:00', NULL, 2, ''),
(108, 'KDMCC-25-139643_536355', 'xyz_auto', 'tejasnirgude@gmail.com', 'e8ddd9fc5fa7963d026068b5cc73d927', NULL, '2025-10-22 00:00:00', NULL, 2, ''),
(109, 'KDMCC-25-ENTRY-140948_537821', 'xyz_auto', 'ssvinayak7@rediffmail.com', 'dec2bb431edc86658afc46239110c0b8', NULL, '2025-10-22 00:00:00', NULL, 2, ''),
(110, 'KDMCC-25-ENTRY-135342_531579', 'xyz_auto', 'rajanmodak1955@gmail.com', 'ebca832aefa2ea6c84b0531290cb3c6b', NULL, '2025-10-22 00:00:00', NULL, 2, ''),
(111, 'KDMCC-25-135403_531645', 'xyz_auto', 'tejasnirgude@gmail.com', '2404f6824bf4bb342c45f891693010a6', NULL, '2025-10-22 00:00:00', NULL, 2, ''),
(112, 'KDMCC-25-138842_535481', 'xyz_auto', 'boradenikhil36@gmail.com', '5251d67e4691bc0b279c1f6d7f386d47', NULL, '2025-10-22 00:00:00', NULL, 2, ''),
(113, 'KDMCC-25-ENTRY-135338_531575', 'xyz_auto', 'anilnirgude99@gmail.com', '87a7382dfe6e0d556fbfab9e32376a9f', NULL, '2025-10-22 00:00:00', NULL, 2, ''),
(114, 'KDMCC-25-ENTRY-141435_538357', 'xyz_auto', 'rajanmodak1955@gmail.com', '0d6fa312ebf66c9a9a6f2b4dc658ac29', NULL, '2025-10-22 00:00:00', NULL, 2, ''),
(115, 'KDMCC-25-138146_534691', 'xyz_auto', 'vijaypandeyandassociates@gmail.com', '875207f8a6af6f568411318784b38d2d', NULL, '2025-10-22 00:00:00', NULL, 2, ''),
(116, 'KDMCC-25-125265_520422', 'xyz_auto', 'shirish_nachane@rediffmail.com', '90735619209ce2059e73601550ccc6a7', NULL, '2025-10-22 00:00:00', NULL, 2, ''),
(117, 'KDMCC-25-141396_538317', 'xyz_auto', 'shirish_nachane@rediffmail.com', 'a3695dc4e2dd9b04455c0172c00152b6', NULL, '2025-10-22 00:00:00', NULL, 2, ''),
(118, 'KDMCC-25-138686_535305', 'xyz_auto', 'sandy.patil78@yahoo.com', 'b0f150ca9732c928896f9f8be9a201df', NULL, '2025-10-22 00:00:00', NULL, 2, ''),
(119, 'KDMCC-25-ENTRY-141014_537892', 'xyz_auto', 'deconcon009@gmail.com', 'e5531c968bd9b0a6bb7dc2e01c4a3e9a', NULL, '2025-10-22 00:00:00', NULL, 2, ''),
(120, 'KDMCC-25-141634_538571', 'xyz_auto', 'dmdarchitects@yahoo.com', 'f93a40ce52d651aa92011165fcd8fad7', NULL, '2025-10-22 00:00:00', NULL, 2, ''),
(121, 'KDMCC-25-138297_534861', 'xyz_auto', 'tejasnirgude@gmail.com', '987f9f17bcf2fcedda4a24fbdcf0b6f8', NULL, '2025-10-22 00:00:00', NULL, 2, ''),
(122, 'KDMCC-23-77350_209140', 'xyz_auto', 'ucassociates29@gmail.com', 'b4d9fe7b0cddce58835d6813e53c2fde', NULL, '2025-10-22 00:00:00', NULL, 2, ''),
(123, 'KDMCC-25-142478_539486', 'xyz_auto', 'kkkamble@yahoo.com', 'a87d64fab69ef719f11a7e82e014297e', NULL, '2025-10-22 00:00:00', NULL, 2, ''),
(124, 'KDMCC-25-ENTRY-143442_540511', 'xyz_auto', 'harshdewoolkar13@gmail.com', '208f8c1fddca9c187e2571c36de65b26', NULL, '2025-10-22 00:00:00', NULL, 2, ''),
(125, 'KDMCC-25-137183_533604', 'xyz_auto', 'tejasnirgude@gmail.com', '13de0c30d14c5da43e2ef88b205304eb', NULL, '2025-10-22 00:00:00', NULL, 2, ''),
(126, 'KDMCC-25-140178_536938', 'xyz_auto', 'tejasnirgude@gmail.com', '15946ccbbc6e0638dcd82d752af7df8c', NULL, '2025-10-22 00:00:00', NULL, 2, ''),
(127, 'KDMCC-25-118587_513056', 'xyz_auto', 'emergearchitect@gmail.com', '8e078346e7b2c081bd38991bfe0f0007', NULL, '2025-10-22 00:00:00', NULL, 2, ''),
(128, 'KDMCC-25-132645_528586', 'xyz_auto', 'tejasnirgude@gmail.com', 'd06de74424bf4dc1ba8b358a6df88cc1', NULL, '2025-10-22 00:00:00', NULL, 2, ''),
(129, 'KDMCC-25-ENTRY-102931_495901', 'xyz_auto', 'sthapathyanirmaan@gmail.com', '86bb9dc8a315ab06c97c4145941cfff9', NULL, '2025-10-22 00:00:00', NULL, 2, ''),
(130, 'KDMCC-25-138122_534665', 'xyz_auto', 'tejasnirgude@gmail.com', '59333e8459f0ab8f380f73aaf24e4c7a', NULL, '2025-10-22 00:00:00', NULL, 2, ''),
(131, 'KDMCC-25-83339_474705', 'xyz_auto', 'rajeev@tayshete.com', '1bb0db49a79a92490d3ab13604c303a0', NULL, '2025-10-22 00:00:00', NULL, 2, ''),
(132, 'KDMCC-24-09140_257246', 'xyz_auto', 'ankurshetye@gmail.com', '05e2d02d1c1f2cd67b27897fa8561dd5', NULL, '2025-10-22 00:00:00', NULL, 2, ''),
(133, 'KDMCC-25-ENTRY-121475_516206', 'xyz_auto', 'keshavchikodi@hotmail.com', '949520eb4a19e021da0c88ba5a98c975', NULL, '2025-10-22 00:00:00', NULL, 2, ''),
(134, 'dept_hod', '$2y$10$Cf54UG4PDaPYaWhtOXEoo.zNEaSEguOzoyKy50Sg8SXYIEuvZyAhu', '1@1.com', NULL, NULL, '2025-10-22 00:00:00', NULL, 8, 'A,A,B,C,D,E,F,G,H,I,J'),
(135, 'KDMCC-25-133190_529200', 'xyz_auto', 'deconcon009@gmail.com', 'd701ebe9660430b81545b93ac99fed30', NULL, '2025-10-22 00:00:00', NULL, 2, ''),
(136, 'KDMCC-25-136900_533281', 'xyz_auto', 'arkishan280493@gmail.com', '6c4bdb401e92c7945323528bca3cc44e', NULL, '2025-10-22 00:00:00', NULL, 2, ''),
(137, 'KDMCC-25-143283_540343', 'xyz_auto', 'nehanakwe23@gmail.com', '6c358ac41c29e8508dd7e8c8c9ae2573', NULL, '2025-10-22 00:00:00', NULL, 2, ''),
(138, 'KDMCC-25-143213_540268', 'xyz_auto', 'rajanmodak1955@gmail.com', '259d18a62580624eb7e14a67e240b9bc', NULL, '2025-10-22 00:00:00', NULL, 2, ''),
(139, 'KDMCC-25-145598_542826', 'xyz_auto', 'sagarpalkar04@gmail.com', 'cee95f0be70e4df0a69cfd3229150dd3', NULL, '2025-10-22 00:00:00', NULL, 2, ''),
(140, 'KDMCC-25-ENTRY-134977_531173', 'xyz_auto', 'tejasnirgude@gmail.com', '1ed35b60ed6cc298deda8989f7567c62', NULL, '2025-10-22 00:00:00', NULL, 2, ''),
(141, 'KDMCC-24-ENTRY-44955_295261', 'xyz_auto', 'asdaa.98.17@gmail.com', '4a1a5742ea35f1f93322e552958a7853', NULL, '2025-10-22 00:00:00', NULL, 2, ''),
(142, 'KDMCC-25-ENTRY-142131_539119', 'xyz_auto', 'deconcon009@gmail.com', '1afa493d463040cf721bbce29e8cdc8f', NULL, '2025-10-22 00:00:00', NULL, 2, ''),
(143, 'KDMCC-25-ENTRY-88210_480002', 'xyz_auto', 'nirmitee.arcint@gmail.com', 'cba805f27956eabf4b8b5e1f3f33701f', NULL, '2025-10-22 00:00:00', NULL, 2, ''),
(144, 'KDMCC-25-ENTRY-135547_531802', 'xyz_auto', 'madangadgil@rediffmail.com', '2d159215593a4397c460a415fb3724c2', NULL, '2025-10-22 00:00:00', NULL, 2, ''),
(145, 'KDMCC-25-139410_536099', 'xyz_auto', 'paranjapemadh@gmail.com', '62bb39bae1695bfe2efe8789b699554c', NULL, '2025-10-22 00:00:00', NULL, 2, ''),
(146, 'KDMCC-25-146919_544259', 'xyz_auto', 'tejasnirgude@gmail.com', '32ea5ccb0815fbc77bec757a241d5e4a', NULL, '2025-10-22 00:00:00', NULL, 2, ''),
(147, 'KDMCC-23-76618_208354', 'xyz_auto', 'pankajrp075@gmail.com', '0aafe2b110ddf5e99cf47a3b87926d0c', NULL, '2025-10-22 00:00:00', NULL, 2, ''),
(148, 'KDMCC-25-130873_526650', 'xyz_auto', 'madangadgil@rediffmail.com', '724ae75ef38a8d3ecf05ac99be581ec4', NULL, '2025-10-22 00:00:00', NULL, 2, ''),
(149, 'KDMCC-25-ENTRY-117519_511859', 'xyz_auto', 'rajanmodak1955@gmail.com', '3aa978d0a33a087d6fcf30d1b22a6934', NULL, '2025-10-22 00:00:00', NULL, 2, ''),
(150, 'KDMCC-25-ENTRY-108836_502330', 'xyz_auto', 'nirmitee.arcint@gmail.com', '77dbdd152a938d5a9cc2a11968344c93', NULL, '2025-10-22 00:00:00', NULL, 2, ''),
(151, 'KDMCC-25-144406_541552', 'xyz_auto', 'sugatvivekarchitects@gmail.com', '0666b1bd93ec57191323dc31d660b1bf', NULL, '2025-10-22 00:00:00', NULL, 2, ''),
(152, 'KDMCC-26-ENTRY-00418_544839', 'xyz_auto', 'architects.incorporate@rediffmail.com', '55831fb754f217fe7a2add4aa4debfc2', NULL, '2025-10-22 00:00:00', NULL, 2, ''),
(153, 'KDMCC-26-01792_546334', 'xyz_auto', 'tejasnirgude@gmail.com', 'd8f8d491eb10e2504ca21bd6c2e6cf44', NULL, '2025-10-22 00:00:00', NULL, 2, ''),
(154, 'KDMCC-26-01862_546412', 'xyz_auto', 'dmdarchitects@yahoo.com', '4d9b275cb3f314bc4dfe670b2e1b6bc1', NULL, '2025-10-22 00:00:00', NULL, 2, ''),
(155, 'KDMCC-26-ENTRY-01934_546493', 'xyz_auto', 'aone.architects1@gmail.com', '66c976b7f5993bc1be4fd92df4534f1b', NULL, '2025-10-22 00:00:00', NULL, 2, ''),
(156, 'KDMCC-26-04691_549440', 'xyz_auto', 'pankajrp075@gmail.com', '9e8a5f7db99c0ae15f0ee049916a68bf', NULL, '2025-10-22 00:00:00', NULL, 2, ''),
(157, 'KDMCC-25-133918_530011', 'xyz_auto', 'emergearchitect@gmail.com', '6fc81dd770888fe123337238fa4d8836', NULL, '2025-10-22 00:00:00', NULL, 2, ''),
(158, 'KDMCC-26-ENTRY-02706_547316', 'xyz_auto', 'aayojanarchint@gmail.com', '8b3a8f997006707c5517be056b06dd72', NULL, '2025-10-22 00:00:00', NULL, 2, ''),
(159, 'KDMCC-25-133966_530064', 'xyz_auto', 'damini5253@gmail.com', 'fc4fb6a464a4840ad8cdf79b46630e3e', NULL, '2025-10-22 00:00:00', NULL, 2, ''),
(160, 'KDMCC-26-ENTRY-01617_546135', 'xyz_auto', 'tejasnirgude@gmail.com', '51a22de8cc95d7a638b71c7ce7772edb', NULL, '2025-10-22 00:00:00', NULL, 2, ''),
(161, 'KDMCC-26-07142_552085', 'xyz_auto', 'vrs.roshan@gmail.com', 'a31c584607925f3f262edd8f45a24e89', NULL, '2025-10-22 00:00:00', NULL, 2, ''),
(162, 'KDMCC-26-ENTRY-00360_544777', 'xyz_auto', 'designteam@creations.org.in', 'b13d8328706314fd6870f357afa4cff1', NULL, '2025-10-22 00:00:00', NULL, 2, ''),
(163, 'KDMCC-25-ENTRY-101065_493865', 'xyz_auto', 'asdaa.98.17@gmail.com', '53568d6aa0b1f95b0575da2e29b3e3d2', NULL, '2025-10-22 00:00:00', NULL, 2, ''),
(164, 'KDMCC-26-ENTRY-08179_553224', 'xyz_auto', 'ucassociates29@gmail.com', 'ea7b43ea5610102e55b26e7d6dab7d4b', NULL, '2025-10-22 00:00:00', NULL, 2, ''),
(165, 'KDMCC-25-ENTRY-135785_532068', 'xyz_auto', 'tonsonthomas12345@gmail.com', '96d9ec0a4c46811702d5144ed8caa5da', NULL, '2025-10-22 00:00:00', NULL, 2, ''),
(166, 'KDMCC-25-ENTRY-145146_542350', 'xyz_auto', 'tejasnirgude@gmail.com', '32e481f89839232a8dbacfed70f7e789', NULL, '2025-10-22 00:00:00', NULL, 2, ''),
(167, 'KDMCC-26-07856_552869', 'xyz_auto', 'deconcon009@gmail.com', 'b4be106eb369ebf82be3b93d66e16ae7', NULL, '2025-10-22 00:00:00', NULL, 2, ''),
(168, 'KDMCC-25-ENTRY-145207_542415', 'xyz_auto', 'asdaa.98.17@gmail.com', 'b30038089bbb6d1de969acfd77dfe933', NULL, '2025-10-22 00:00:00', NULL, 2, ''),
(169, 'KDMCC-25-ENTRY-09321_395147', 'xyz_auto', 'ar.santoshmadan@gmail.com', 'b963ce36953eaaada251b83798c55567', NULL, '2025-10-22 00:00:00', NULL, 2, ''),
(170, 'KDMCC-26-01214_545700', 'xyz_auto', 'asdaa.98.17@gmail.com', '3f07c5071ac068bb50049553c2cc921e', NULL, '2025-10-22 00:00:00', NULL, 2, ''),
(171, 'KDMCC-25-ENTRY-140419_537213', 'xyz_auto', 'sthapathyanirmaan@gmail.com', 'f95edfc0ebf5dc15a9b9a03a180aa423', NULL, '2025-10-22 00:00:00', NULL, 2, ''),
(172, 'KDMCC-26-ENTRY-08151_553196', 'xyz_auto', 'rkassociates0805@gmail.com', '16fd1ff71e4d01ef10c6ed823937e8d3', NULL, '2025-10-22 00:00:00', NULL, 2, ''),
(173, 'KDMCC-26-08301_553356', 'xyz_auto', 'ar.prajaktalaxmanchavan@gmail.com', '3f5087d478f0b0bcb63efaca4171c748', NULL, '2025-10-22 00:00:00', NULL, 2, ''),
(174, 'KDMCC-26-05472_550280', 'xyz_auto', 'tejasnirgude@gmail.com', 'd1278d5b3c0681234996375136fd863c', NULL, '2025-10-22 00:00:00', NULL, 2, ''),
(175, 'KDMCC-25-122229_517042', 'xyz_auto', 'ankurshetye@gmail.com', 'e572f5a1648e47697cbcb4a88a443c0a', NULL, '2025-10-22 00:00:00', NULL, 2, ''),
(176, 'KDMCC-26-ENTRY-00368_544785', 'xyz_auto', 'sthapathyanirmaan@gmail.com', '61ff899a1001ed96be5ed3ae40f07762', NULL, '2025-10-22 00:00:00', NULL, 2, ''),
(177, 'KDMCC-25-136618_532977', 'xyz_auto', 'tejasnirgude@gmail.com', 'a43de7779e9dc4c00638398141846d03', NULL, '2025-10-22 00:00:00', NULL, 2, ''),
(178, 'KDMCC-26-01137_545617', 'xyz_auto', 'aone.architects1@gmail.com', '9f732cfb4e3f07b56ae5b926aba72c16', NULL, '2025-10-22 00:00:00', NULL, 2, ''),
(179, 'KDMCC-26-ENTRY-09291_554450', 'xyz_auto', 'sthapathyanirmaan@gmail.com', '4649cedac6ae5fcf5e7fd2c3bfde48d9', NULL, '2025-10-22 00:00:00', NULL, 2, ''),
(180, 'KDMCC-26-ENTRY-12134_557541', 'xyz_auto', 'tejasnirgude@gmail.com', '40466e1e16c32ae8789a056c2fd5dcc7', NULL, '2025-10-22 00:00:00', NULL, 2, ''),
(181, 'KDMCC-26-ENTRY-01069_545544', 'xyz_auto', 'tejasnirgude@gmail.com', 'dbf977a50a981dee4b91b659dcd624cf', NULL, '2025-10-22 00:00:00', NULL, 2, ''),
(182, 'KDMCC-26-11883_557268', 'xyz_auto', 'tejasnirgude@gmail.com', '97cc3b6697da9618f7e9701de4326c40', NULL, '2025-10-22 00:00:00', NULL, 2, ''),
(183, 'KDMCC-26-06965_551901', 'xyz_auto', 'architectvp.mumbai@gmail.com', 'd61100ed04925d053f3259248a43a894', NULL, '2025-10-22 00:00:00', NULL, 2, ''),
(184, 'KDMCC-26-08723_553829', 'xyz_auto', 'tejasnirgude@gmail.com', '1f9c23d4e1f16f65b90429670578862d', NULL, '2025-10-22 00:00:00', NULL, 2, ''),
(185, 'KDMCC-24-102443_356804', 'xyz_auto', 'rajeev@tayshete.com', 'ad11fd998918dd1dd7effba2144b1d07', NULL, '2025-10-22 00:00:00', NULL, 2, ''),
(186, 'KDMCC-26-15148_560784', 'xyz_auto', 'sumitalwagh@yahoo.com', '3626b9582bc84b93068ba1f7e92b8fd5', NULL, '2025-10-22 00:00:00', NULL, 2, ''),
(187, 'KDMCC-26-11847_557230', 'xyz_auto', 'archuday.satavalekar@gmail.com', 'cb8b041acb97f26cd3a02ac345bc9769', NULL, '2025-10-22 00:00:00', NULL, 2, ''),
(188, 'KDMCC-26-ENTRY-16250_561981', 'xyz_auto', 'ucassociates29@gmail.com', '22a759db49178b221d2832c51596b572', NULL, '2025-10-22 00:00:00', NULL, 2, ''),
(189, 'KDMCC-25-ENTRY-69737_459972', 'xyz_auto', 'vastushilp10@yahoo.com', '86c0ebbe4913c70085019aa47e90aa5c', NULL, '2025-10-22 00:00:00', NULL, 2, ''),
(190, 'KDMCC-26-ENTRY-16227_561954', 'xyz_auto', 'phonemail9898@gmail.com', 'ababa795e5ba5e6e7a061bcd105dc38d', NULL, '2025-10-22 00:00:00', NULL, 2, ''),
(191, 'KDMCC-26-16098_561815', 'xyz_auto', 'priyadinodiya18@gmail.com', 'ca29e2731ab3572e76a16e2974087f7d', NULL, '2025-10-22 00:00:00', NULL, 2, ''),
(192, 'KDMCC-26-13876_559415', 'xyz_auto', 'deconcon009@gmail.com', '691945cb27c6a082792c3db3b8fc128c', NULL, '2025-10-22 00:00:00', NULL, 2, ''),
(193, 'KDMCC-26-03657_548331', 'xyz_auto', 'tejasnirgude@gmail.com', '2e27e293e0e99fcba2476f1786c43aa8', NULL, '2025-10-22 00:00:00', NULL, 2, ''),
(194, 'KDMCC-25-135301_531535', 'xyz_auto', 'ar.nv.office@gmail.com', 'efee6637d685de733ad576fb96e58efc', NULL, '2025-10-22 00:00:00', NULL, 2, ''),
(195, 'KDMCC-25-70739_461039', 'xyz_auto', 'ankurshetye@gmail.com', '8cb5f31aa52f15a69cd5057dcfe4492f', NULL, '2025-10-22 00:00:00', NULL, 2, ''),
(196, 'KDMCC-26-14385_559961', 'xyz_auto', 'deconcon009@gmail.com', '7e138a70eb96545123405f6d36f07ff5', NULL, '2025-10-22 00:00:00', NULL, 2, ''),
(197, 'KDMCC-22-ENTRY-08077_29692', 'xyz_auto', 'deconcon009@gmail.com', '23e37896cae9488088c6b2c566bc1477', NULL, '2025-10-22 00:00:00', NULL, 2, ''),
(198, 'KDMCC-25-131620_527462', 'xyz_auto', 'chandrakant.auti@yahoo.com', '5c70530dbadbf7408c26bdd0fe971bda', NULL, '2025-10-22 00:00:00', NULL, 2, ''),
(199, 'KDMCC-22-23886_46085', 'xyz_auto', 'sthapathyanirmaan@gmail.com', 'abecce5e94004ef817c0d11130a749ef', NULL, '2025-10-22 00:00:00', NULL, 2, ''),
(200, 'KDMCC-26-09658_554856', 'xyz_auto', 'aone.architects1@gmail.com', '16c621de72dc8e5cfa39173e7d67c84a', NULL, '2025-10-22 00:00:00', NULL, 2, ''),
(201, 'KDMCC-25-137227_533655', 'xyz_auto', 'ar.nv.office@gmail.com', '886ab2edc23f2cd81a0d684a28e7c187', NULL, '2025-10-22 00:00:00', NULL, 2, ''),
(202, 'KDMCC-26-06911_551843', 'xyz_auto', 'designteam@creations.org.in', '6a4c59628a54bb745ce257e677a4eb6a', NULL, '2025-10-22 00:00:00', NULL, 2, ''),
(203, 'KDMCC-26-21082_567330', 'xyz_auto', 'patel.nitiksha@gmail.com', '3aced607571da23180c78ab665178fff', NULL, '2025-10-22 00:00:00', NULL, 2, ''),
(204, 'KDMCC-25-ENTRY-121378_516101', 'xyz_auto', 'vijaypandeyandassociates@gmail.com', 'ae6a1cb59f4e6596d959d095ef53249f', NULL, '2025-10-22 00:00:00', NULL, 2, ''),
(205, 'KDMCC-23-28820_157395', 'xyz_auto', 'ankurshetye@gmail.com', 'e4acd128f08bde5362e305a6c0d6ad01', NULL, '2025-10-22 00:00:00', NULL, 2, ''),
(206, 'KDMCC-26-ENTRY-02863_547484', 'xyz_auto', 'asdaa.98.17@gmail.com', 'ea1aaf8f3f3027432f6454259128bbcf', NULL, '2025-10-22 00:00:00', NULL, 2, ''),
(207, 'KDMCC-26-20209_566332', 'xyz_auto', 'yash210995@gmail.com', 'b0e1e2fb6dc13adbfd7fb03d3140cdb1', NULL, '2025-10-22 00:00:00', NULL, 2, ''),
(208, 'KDMCC-25-ENTRY-144858_542034', 'xyz_auto', 'sthapathyanirmaan@gmail.com', 'd0b9fd3c19a60672a59671069e381eff', NULL, '2025-10-22 00:00:00', NULL, 2, ''),
(209, 'KDMCC-26-02507_547103', 'xyz_auto', 'saakaararchitects@yahoo.co.in', '32b37b7d5bd9fa29ce27506966b8b167', NULL, '2025-10-22 00:00:00', NULL, 2, ''),
(210, 'KDMCC-26-22055_568505', 'xyz_auto', 'akash94sonawane@gmail.com', '8d76e878b5b8c94a4e196ca2793967c2', NULL, '2025-10-22 00:00:00', NULL, 2, ''),
(211, 'KDMCC-25-145754_542991', 'xyz_auto', 'sthapathyanirmaan@gmail.com', '6e7cab9d32c3898407585c8147d5d6b6', NULL, '2025-10-22 00:00:00', NULL, 2, ''),
(212, 'KDMCC-25-131502_527333', 'xyz_auto', 'h89patil@yahoo.com', 'e9d708191cd466e5ae16cbb4d8a8fbb4', NULL, '2025-10-22 00:00:00', NULL, 2, ''),
(213, 'KDMCC-26-23418_570047', 'xyz_auto', 'deconcon009@gmail.com', '62045d7ad8f751c80c53fef384c730dd', NULL, '2025-10-22 00:00:00', NULL, 2, ''),
(214, 'KDMCC-26-23799_570470', 'xyz_auto', 'rkassociates0805@gmail.com', 'c2410df0562323e9f83604a2fc1b771d', NULL, '2025-10-22 00:00:00', NULL, 2, ''),
(215, 'KDMCC-24-103526_357956', 'xyz_auto', 'arsandeep21@gmail.com', '38dd7a410fa9208feb70ebc9c1471f78', NULL, '2025-10-22 00:00:00', NULL, 2, ''),
(216, 'KDMCC-26-07220_552166', 'xyz_auto', 'arsandeep21@gmail.com', '7bb5f3f812fa31d29f5e8d97740e0a51', NULL, '2025-10-22 00:00:00', NULL, 2, ''),
(217, 'KDMCC-25-96066_488491', 'xyz_auto', 'ankurshetye@gmail.com', 'd5100b4ec8b39d18111d90410246936d', NULL, '2025-10-22 00:00:00', NULL, 2, ''),
(218, 'KDMCC-25-126060_521329', 'xyz_auto', 'vijaypandeyandassociates@gmail.com', 'eb73146618cd2c79816a2408fa87ece9', NULL, '2025-10-22 00:00:00', NULL, 2, ''),
(219, 'KDMCC-26-24671_571419', 'xyz_auto', 'ar.ujwaljamdare@gmail.com', '16924c85be56e8d36f51dd9760ba15ae', NULL, '2025-10-22 00:00:00', NULL, 2, ''),
(220, 'KDMCC-25-139933_536672', 'xyz_auto', 'tejasnirgude@gmail.com', 'e6497fbd6280d014ff000638a514c7b8', NULL, '2025-10-22 00:00:00', NULL, 2, ''),
(221, 'KDMCC-25-102479_495415', 'xyz_auto', 'sthapathyanirmaan@gmail.com', '19b9d373412fb564d7b2c6888da56d14', NULL, '2025-10-22 00:00:00', NULL, 2, ''),
(222, 'KDMCC-26-24678_571427', 'xyz_auto', 'ar.ujwaljamdare@gmail.com', '630595b549893539b069ef1c75a2d775', NULL, '2025-10-22 00:00:00', NULL, 2, ''),
(223, 'KDMCC-25-90869_482900', 'xyz_auto', 'majorvinaysdegaonkar@gmail.com', 'fef3615362081e4d4055e7c2c66afebd', NULL, '2025-10-22 00:00:00', NULL, 2, ''),
(224, 'KDMCC-26-27894_574898', 'xyz_auto', 'ar.deeppatel2023@gmail.com', '64179b636f0e177b3a84ae1ababebfbb', NULL, '2025-10-22 00:00:00', NULL, 2, ''),
(225, 'KDMCC-26-19641_565718', 'xyz_auto', 'vijaypandeyandassociates@gmail.com', '61afb0bb88f082e49bac3f1f03183a4c', NULL, '2025-10-22 00:00:00', NULL, 2, ''),
(226, 'KDMCC-26-27453_574424', 'xyz_auto', 'akash94sonawane@gmail.com', 'e7528d75145f8eb82a7ae6b1bdddaea5', NULL, '2025-10-22 00:00:00', NULL, 2, ''),
(227, 'KDMCC-26-15509_561182', 'xyz_auto', 'rafiq@siapl.com', 'a9393ac8ff6a3e507ac51ad7027b3fb9', NULL, '2025-10-22 00:00:00', NULL, 2, ''),
(228, 'KDMCC-26-09625_554818', 'xyz_auto', 'aone.architects1@gmail.com', '808c4bb8ee6891ce3684ee5d5d327e1b', NULL, '2025-10-22 00:00:00', NULL, 2, ''),
(229, 'KDMCC-26-28703_575780', 'xyz_auto', 'h89patil@yahoo.com', '19ff8b860e9f1af197f15e171f70da7b', NULL, '2025-10-22 00:00:00', NULL, 2, ''),
(230, 'KDMCC-26-21491_567831', 'xyz_auto', 'tejasnirgude@gmail.com', 'cd80907fe3b756e2a9d7b49bc89b0253', NULL, '2025-10-22 00:00:00', NULL, 2, ''),
(231, 'KDMCC-26-28340_575377', 'xyz_auto', 'rajanmodak1955@gmail.com', '0439a01c17cb8a84e7a1c1ff9ecd2362', NULL, '2025-10-22 00:00:00', NULL, 2, ''),
(232, 'KDMCC-26-21320_567627', 'xyz_auto', 'arsandeep21@gmail.com', '106deb46eb9e8e11073fe1401e8a2d9c', NULL, '2025-10-22 00:00:00', NULL, 2, ''),
(233, 'KDMCC-26-25227_572028', 'xyz_auto', 'archdeshmukh@rediffmail.com', '851ed50fce3121c80ed9c8d5541d2db2', NULL, '2025-10-22 00:00:00', NULL, 2, ''),
(234, 'KDMCC-25-145628_542856', 'xyz_auto', 'sagarpalkar04@gmail.com', '58d3d15e5089deb1680fd144b4589b79', NULL, '2025-10-22 00:00:00', NULL, 2, ''),
(235, 'KDMCC-26-28797_575883', 'xyz_auto', 'rajanmodak1955@gmail.com', '9461b2966519f2cc977be59855e8d729', NULL, '2025-10-22 00:00:00', NULL, 2, ''),
(236, 'KDMCC-26-24905_571675', 'xyz_auto', 'asdaa.98.17@gmail.com', 'eddd27e7fe9d03f5993835ba048822b5', NULL, '2025-10-22 00:00:00', NULL, 2, ''),
(237, 'KDMCC-24-117939_373433', 'xyz_auto', 'megha.bagrao@gmail.com', 'e79a40019bdd1df96fa7c7122bc3fbe3', NULL, '2025-10-22 00:00:00', NULL, 2, ''),
(238, 'KDMCC-26-29072_576187', 'xyz_auto', 'gopinath.gandhe@gmail.com', 'e1611f58cbb1d233911c905b8badc741', NULL, '2025-10-22 00:00:00', NULL, 2, ''),
(239, 'KDMCC-26-26667_573577', 'xyz_auto', 'emergearchitect@gmail.com', 'a7b8d78ae0b1b56df327631106d75636', NULL, '2025-10-22 00:00:00', NULL, 2, ''),
(240, 'KDMCC-26-21299_567602', 'xyz_auto', 'sagarpalkar04@gmail.com', '25a90cd501829bc6a09b664de7b97332', NULL, '2025-10-22 00:00:00', NULL, 2, ''),
(241, 'KDMCC-26-32513_579924', 'xyz_auto', 'ar.ujwaljamdare@gmail.com', '77890ada5da804e3de454d30e6c90116', NULL, '2025-10-22 00:00:00', NULL, 2, ''),
(242, 'KDMCC-25-136359_532698', 'xyz_auto', 'ar.santoshmadan@gmail.com', 'fe7920b1c40a1f0e8501f26b5be7d46d', NULL, '2025-10-22 00:00:00', NULL, 2, ''),
(243, 'KDMCC-26-05386_550189', 'xyz_auto', 'ar.nv.office@gmail.com', '49529680ab7b92e94227af2b78bcde3c', NULL, '2025-10-22 00:00:00', NULL, 2, ''),
(244, 'KDMCC-26-11843_557226', 'xyz_auto', 'ivisiondesignstudio@gmail.com', '7f314f2caa126522ad4862052d3f8202', NULL, '2025-10-22 00:00:00', NULL, 2, ''),
(245, 'KDMCC-26-33051_580499', 'xyz_auto', 'ar.ujwaljamdare@gmail.com', '0e2be7a6e24196f7863c499ff0071b0f', NULL, '2025-10-22 00:00:00', NULL, 2, ''),
(246, 'KDMCC-26-12910_558381', 'xyz_auto', 'surajandhareassociates@gmail.com', 'efb12187956990a3183587bded805ede', NULL, '2025-10-22 00:00:00', NULL, 2, ''),
(247, 'KDMCC-26-19129_565173', 'xyz_auto', 'designteam@creations.org.in', '506033028cb6cba02bc3f57e09c7d532', NULL, '2025-10-22 00:00:00', NULL, 2, ''),
(248, 'KDMCC-26-29053_576168', 'xyz_auto', 'tejasnirgude@gmail.com', 'b71beb815148fe85faff0f1b511a8d35', NULL, '2025-10-22 00:00:00', NULL, 2, ''),
(249, 'KDMCC-25-137330_533774', 'xyz_auto', 'sandy.patil78@yahoo.com', '781d9466bcb0d2b6ae4f6c6747c368e4', NULL, '2025-10-22 00:00:00', NULL, 2, ''),
(250, 'KDMCC-26-33739_581249', 'xyz_auto', 'yash210995@gmail.com', 'ac8c45fc919ceb86c978e1c3f4f654ce', NULL, '2025-10-22 00:00:00', NULL, 2, ''),
(251, 'KDMCC-25-123567_518508', 'xyz_auto', 'tushar_tendolkar@yahoo.co.in', '19fd62758601a853a5b2a76fc436eeff', NULL, '2025-10-22 00:00:00', NULL, 2, ''),
(252, 'KDMCC-25-110500_504146', 'xyz_auto', 'ucassociates29@gmail.com', 'fd069b49ae24c1f9bc9b01d66a65e92d', NULL, '2025-10-22 00:00:00', NULL, 2, ''),
(253, 'KDMCC-26-28828_575916', 'xyz_auto', 'kkkamble@yahoo.com', 'fa5930e1420d426908aca98e8d4a16bb', NULL, '2025-10-22 00:00:00', NULL, 2, ''),
(254, 'KDMCC-26-28805_575891', 'xyz_auto', 'yash210995@gmail.com', 'e6ee95cfb71dd73a4f3669f24bbdc7f7', NULL, '2025-10-22 00:00:00', NULL, 2, ''),
(255, 'KDMCC-26-34449_582006', 'xyz_auto', 'gopinath.gandhe@gmail.com', 'bb5985b6dd9e0805d89797da2067e44f', NULL, '2025-10-22 00:00:00', NULL, 2, ''),
(256, 'KDMCC-26-34485_582044', 'xyz_auto', 'gopinath.gandhe@gmail.com', 'd1a9f18ccc2e074f9426dd705f8b4121', NULL, '2025-10-22 00:00:00', NULL, 2, ''),
(257, 'KDMCC-26-21907_568331', 'xyz_auto', 'ar.santoshmadan@gmail.com', '36287e995db5f49387042314a7d24567', NULL, '2025-10-22 00:00:00', NULL, 2, ''),
(258, 'KDMCC-26-34952_582545', 'xyz_auto', 'h89patil@yahoo.com', '1a2ad7921aec4b9eb49341e1ea8e8231', NULL, '2025-10-22 00:00:00', NULL, 2, '');

-- --------------------------------------------------------

--
-- Table structure for table `water_form_details`
--

CREATE TABLE `water_form_details` (
  `id` int(11) NOT NULL,
  `rec_id` int(11) NOT NULL,
  `application_no` varchar(255) NOT NULL,
  `no_of_connections` int(11) NOT NULL,
  `diameter` varchar(255) NOT NULL,
  `connection_no` varchar(255) NOT NULL,
  `are_upto_date_bills_paid` varchar(255) NOT NULL
) ENGINE=InnoDB DEFAULT CHARSET=utf8mb4;

-- --------------------------------------------------------

--
-- Table structure for table `water_form_details_oc`
--

CREATE TABLE `water_form_details_oc` (
  `id` int(11) NOT NULL,
  `rec_id` int(11) NOT NULL,
  `application_no` varchar(255) NOT NULL,
  `no_of_connections` int(11) NOT NULL,
  `diameter` varchar(255) NOT NULL,
  `connection_no` varchar(255) NOT NULL,
  `are_upto_date_bills_paid` varchar(255) NOT NULL
) ENGINE=InnoDB DEFAULT CHARSET=utf8mb4;

--
-- Indexes for dumped tables
--

--
-- Indexes for table `accept_reject`
--
ALTER TABLE `accept_reject`
  ADD PRIMARY KEY (`id`);

--
-- Indexes for table `application_form`
--
ALTER TABLE `application_form`
  ADD PRIMARY KEY (`id`);

--
-- Indexes for table `application_form_oc`
--
ALTER TABLE `application_form_oc`
  ADD PRIMARY KEY (`id`);

--
-- Indexes for table `application_form_oc_deleted`
--
ALTER TABLE `application_form_oc_deleted`
  ADD PRIMARY KEY (`id`);

--
-- Indexes for table `application_mapping`
--
ALTER TABLE `application_mapping`
  ADD PRIMARY KEY (`id`);

--
-- Indexes for table `information_of_plan`
--
ALTER TABLE `information_of_plan`
  ADD PRIMARY KEY (`id`);

--
-- Indexes for table `information_of_plan_oc`
--
ALTER TABLE `information_of_plan_oc`
  ADD PRIMARY KEY (`id`);

--
-- Indexes for table `label_names`
--
ALTER TABLE `label_names`
  ADD PRIMARY KEY (`id`);

--
-- Indexes for table `master_division`
--
ALTER TABLE `master_division`
  ADD PRIMARY KEY (`id`);

--
-- Indexes for table `master_ward`
--
ALTER TABLE `master_ward`
  ADD PRIMARY KEY (`id`);

--
-- Indexes for table `payments`
--
ALTER TABLE `payments`
  ADD PRIMARY KEY (`id`),
  ADD UNIQUE KEY `payment_cash_collection_center` (`payment_cash_collection_center`);

--
-- Indexes for table `roles`
--
ALTER TABLE `roles`
  ADD PRIMARY KEY (`role_id`),
  ADD UNIQUE KEY `role_name` (`role_name`);

--
-- Indexes for table `role_permissions`
--
ALTER TABLE `role_permissions`
  ADD PRIMARY KEY (`permission_id`);

--
-- Indexes for table `temp_data`
--
ALTER TABLE `temp_data`
  ADD PRIMARY KEY (`id`),
  ADD KEY `tablename` (`tablename`),
  ADD KEY `field` (`field`),
  ADD KEY `user_id` (`user_id`);

--
-- Indexes for table `user_info`
--
ALTER TABLE `user_info`
  ADD PRIMARY KEY (`id`);

--
-- Indexes for table `water_form_details`
--
ALTER TABLE `water_form_details`
  ADD PRIMARY KEY (`id`);

--
-- Indexes for table `water_form_details_oc`
--
ALTER TABLE `water_form_details_oc`
  ADD PRIMARY KEY (`id`);

--
-- AUTO_INCREMENT for dumped tables
--

--
-- AUTO_INCREMENT for table `accept_reject`
--
ALTER TABLE `accept_reject`
  MODIFY `id` int(11) NOT NULL AUTO_INCREMENT;

--
-- AUTO_INCREMENT for table `application_form`
--
ALTER TABLE `application_form`
  MODIFY `id` int(11) NOT NULL AUTO_INCREMENT;

--
-- AUTO_INCREMENT for table `application_form_oc`
--
ALTER TABLE `application_form_oc`
  MODIFY `id` int(11) NOT NULL AUTO_INCREMENT;

--
-- AUTO_INCREMENT for table `application_form_oc_deleted`
--
ALTER TABLE `application_form_oc_deleted`
  MODIFY `id` int(11) NOT NULL AUTO_INCREMENT;

--
-- AUTO_INCREMENT for table `application_mapping`
--
ALTER TABLE `application_mapping`
  MODIFY `id` int(11) NOT NULL AUTO_INCREMENT;

--
-- AUTO_INCREMENT for table `information_of_plan`
--
ALTER TABLE `information_of_plan`
  MODIFY `id` int(11) NOT NULL AUTO_INCREMENT;

--
-- AUTO_INCREMENT for table `information_of_plan_oc`
--
ALTER TABLE `information_of_plan_oc`
  MODIFY `id` int(11) NOT NULL AUTO_INCREMENT;

--
-- AUTO_INCREMENT for table `label_names`
--
ALTER TABLE `label_names`
  MODIFY `id` int(11) NOT NULL AUTO_INCREMENT, AUTO_INCREMENT=93;

--
-- AUTO_INCREMENT for table `master_division`
--
ALTER TABLE `master_division`
  MODIFY `id` int(11) NOT NULL AUTO_INCREMENT, AUTO_INCREMENT=5;

--
-- AUTO_INCREMENT for table `master_ward`
--
ALTER TABLE `master_ward`
  MODIFY `id` int(11) NOT NULL AUTO_INCREMENT, AUTO_INCREMENT=19;

--
-- AUTO_INCREMENT for table `payments`
--
ALTER TABLE `payments`
  MODIFY `id` int(11) NOT NULL AUTO_INCREMENT;

--
-- AUTO_INCREMENT for table `roles`
--
ALTER TABLE `roles`
  MODIFY `role_id` int(11) NOT NULL AUTO_INCREMENT, AUTO_INCREMENT=10;

--
-- AUTO_INCREMENT for table `role_permissions`
--
ALTER TABLE `role_permissions`
  MODIFY `permission_id` int(11) NOT NULL AUTO_INCREMENT, AUTO_INCREMENT=7742;

--
-- AUTO_INCREMENT for table `temp_data`
--
ALTER TABLE `temp_data`
  MODIFY `id` int(11) NOT NULL AUTO_INCREMENT, AUTO_INCREMENT=801;

--
-- AUTO_INCREMENT for table `user_info`
--
ALTER TABLE `user_info`
  MODIFY `id` int(11) NOT NULL AUTO_INCREMENT, AUTO_INCREMENT=259;

--
-- AUTO_INCREMENT for table `water_form_details`
--
ALTER TABLE `water_form_details`
  MODIFY `id` int(11) NOT NULL AUTO_INCREMENT;

--
-- AUTO_INCREMENT for table `water_form_details_oc`
--
ALTER TABLE `water_form_details_oc`
  MODIFY `id` int(11) NOT NULL AUTO_INCREMENT;
COMMIT;

/*!40101 SET CHARACTER_SET_CLIENT=@OLD_CHARACTER_SET_CLIENT */;
/*!40101 SET CHARACTER_SET_RESULTS=@OLD_CHARACTER_SET_RESULTS */;
/*!40101 SET COLLATION_CONNECTION=@OLD_COLLATION_CONNECTION */;
